anomaly,confirmed,failure,input,measurement_start_time,measurement_uid,measurement_url,probe_asn,probe_cc,report_id,scores,test_name
True,False,False,http://www.positive.org/,2024-06-28T01:09:50Z,20240628010952.422104_SV_webconnectivity_47d7f7750f509566,https://api.ooni.io/api/v1/raw_measurement?measurement_uid=20240628010952.422104_SV_webconnectivity_47d7f7750f509566,AS14754,SV,20240628T005650Z_webconnectivity_SV_14754_n1_OtGWtVbPMn1vAggF,"{'analysis': {'blocking_type': 'dns'}, 'blocking_country': 0.0, 'blocking_general': 1.0, 'blocking_global': 0.0, 'blocking_isp': 0.0, 'blocking_local': 0.0}",web_connectivity
True,False,False,https://abortionpillinfo.org/,2024-06-27T02:17:52Z,20240627021753.797527_SV_webconnectivity_1d7c0a7f6e86b8a8,https://api.ooni.io/api/v1/raw_measurement?measurement_uid=20240627021753.797527_SV_webconnectivity_1d7c0a7f6e86b8a8,AS14754,SV,20240627T021454Z_webconnectivity_SV_14754_n1_aoB0rNR2ipSaLM2E,"{'analysis': {'blocking_type': 'dns'}, 'blocking_country': 0.0, 'blocking_general': 1.0, 'blocking_global': 0.0, 'blocking_isp': 0.0, 'blocking_local': 0.0}",web_connectivity
True,False,False,https://abortionnetwork.amsterdam/,2024-06-27T02:17:40Z,20240627021742.526044_SV_webconnectivity_bd3ca84048990a5b,https://api.ooni.io/api/v1/raw_measurement?measurement_uid=20240627021742.526044_SV_webconnectivity_bd3ca84048990a5b,AS14754,SV,20240627T021454Z_webconnectivity_SV_14754_n1_aoB0rNR2ipSaLM2E,"{'analysis': {'blocking_type': 'dns'}, 'blocking_country': 0.0, 'blocking_general': 1.0, 'blocking_global': 0.0, 'blocking_isp': 0.0, 'blocking_local': 0.0}",web_connectivity
True,False,False,https://abortion.eu/,2024-06-27T02:17:22Z,20240627021723.884162_SV_webconnectivity_e9b360cdf6359e6b,https://api.ooni.io/api/v1/raw_measurement?measurement_uid=20240627021723.884162_SV_webconnectivity_e9b360cdf6359e6b,AS14754,SV,20240627T021454Z_webconnectivity_SV_14754_n1_aoB0rNR2ipSaLM2E,"{'analysis': {'blocking_type': 'dns'}, 'blocking_country': 0.0, 'blocking_general': 1.0, 'blocking_global': 0.0, 'blocking_isp': 0.0, 'blocking_local': 0.0}",web_connectivity
True,False,False,https://www.abortionno.org/,2024-06-25T01:22:07Z,20240625012208.714491_SV_webconnectivity_9d1384d22993d6d3,https://api.ooni.io/api/v1/raw_measurement?measurement_uid=20240625012208.714491_SV_webconnectivity_9d1384d22993d6d3,AS269734,SV,20240625T012035Z_webconnectivity_SV_269734_n1_XeWYflJGjMD20C79,"{'analysis': {'blocking_type': 'dns'}, 'blocking_country': 0.0, 'blocking_general': 1.0, 'blocking_global': 0.0, 'blocking_isp': 0.0, 'blocking_local': 0.0}",web_connectivity
True,False,False,https://www.advocatesforyouth.org/,2024-06-20T15:42:28Z,20240620154229.070145_SV_webconnectivity_2edfd711a3764bdd,https://api.ooni.io/api/v1/raw_measurement?measurement_uid=20240620154229.070145_SV_webconnectivity_2edfd711a3764bdd,AS14754,SV,20240620T153656Z_webconnectivity_SV_14754_n1_Kwgbyp575GBNXXoo,"{'analysis': {'blocking_type': 'dns'}, 'blocking_country': 0.0, 'blocking_general': 1.0, 'blocking_global': 0.0, 'blocking_isp': 0.0, 'blocking_local': 0.0}",web_connectivity
True,False,False,https://www.abortoinfosegura.com/,2024-06-20T15:42:13Z,20240620154214.322356_SV_webconnectivity_bc28659b808b50d5,https://api.ooni.io/api/v1/raw_measurement?measurement_uid=20240620154214.322356_SV_webconnectivity_bc28659b808b50d5,AS14754,SV,20240620T153656Z_webconnectivity_SV_14754_n1_Kwgbyp575GBNXXoo,"{'analysis': {'blocking_type': 'dns'}, 'blocking_country': 0.0, 'blocking_general': 1.0, 'blocking_global': 0.0, 'blocking_isp': 0.0, 'blocking_local': 0.0}",web_connectivity
True,False,False,https://sexetc.org/,2024-06-20T15:40:01Z,20240620154002.535974_SV_webconnectivity_9971743fee671895,https://api.ooni.io/api/v1/raw_measurement?measurement_uid=20240620154002.535974_SV_webconnectivity_9971743fee671895,AS14754,SV,20240620T153656Z_webconnectivity_SV_14754_n1_Kwgbyp575GBNXXoo,"{'analysis': {'blocking_type': 'dns'}, 'blocking_country': 0.0, 'blocking_general': 1.0, 'blocking_global': 0.0, 'blocking_isp': 0.0, 'blocking_local': 0.0}",web_connectivity
True,False,False,https://www.beintheknow.org/,2024-06-18T16:58:18Z,20240618165819.383601_SV_webconnectivity_96f3698c641f41fd,https://api.ooni.io/api/v1/raw_measurement?measurement_uid=20240618165819.383601_SV_webconnectivity_96f3698c641f41fd,AS14754,SV,20240618T165626Z_webconnectivity_SV_14754_n1_1dUKo1tD8n16b1BX,"{'analysis': {'blocking_type': 'dns'}, 'blocking_country': 0.0, 'blocking_general': 1.0, 'blocking_global': 0.0, 'blocking_isp': 0.0, 'blocking_local': 0.0}",web_connectivity
True,False,False,https://www.1800respect.org.au/languages/,2024-06-18T16:52:23Z,20240618165223.949311_SV_webconnectivity_feec3eef164feaa9,https://api.ooni.io/api/v1/raw_measurement?measurement_uid=20240618165223.949311_SV_webconnectivity_feec3eef164feaa9,AS14754,SV,20240618T164119Z_webconnectivity_SV_14754_n1_AwyhlTH4oqMxgsw5,"{'analysis': {'blocking_type': 'dns'}, 'blocking_country': 0.0, 'blocking_general': 1.0, 'blocking_global': 0.0, 'blocking_isp': 0.0, 'blocking_local': 0.0}",web_connectivity
True,False,False,https://womenhelp.org/,2024-06-18T16:51:30Z,20240618165130.848246_SV_webconnectivity_95b9d6f00662e54e,https://api.ooni.io/api/v1/raw_measurement?measurement_uid=20240618165130.848246_SV_webconnectivity_95b9d6f00662e54e,AS14754,SV,20240618T164119Z_webconnectivity_SV_14754_n1_AwyhlTH4oqMxgsw5,"{'analysis': {'blocking_type': 'dns'}, 'blocking_country': 0.0, 'blocking_general': 1.0, 'blocking_global': 0.0, 'blocking_isp': 0.0, 'blocking_local': 0.0}",web_connectivity
True,False,False,http://www.scarleteen.com/,2024-06-18T00:41:19Z,20240618004120.787969_SV_webconnectivity_eb99835a2944a33b,https://api.ooni.io/api/v1/raw_measurement?measurement_uid=20240618004120.787969_SV_webconnectivity_eb99835a2944a33b,AS14754,SV,20240618T003337Z_webconnectivity_SV_14754_n1_BAS1FaJ58AVQUCfP,"{'analysis': {'blocking_type': 'dns'}, 'blocking_country': 0.0, 'blocking_general': 1.0, 'blocking_global': 0.0, 'blocking_isp': 0.0, 'blocking_local': 0.0}",web_connectivity
True,False,False,http://www.sexedlibrary.org/,2024-06-17T03:06:05Z,20240617030605.907530_SV_webconnectivity_ca0664de1ee4ca00,https://api.ooni.io/api/v1/raw_measurement?measurement_uid=20240617030605.907530_SV_webconnectivity_ca0664de1ee4ca00,AS27773,SV,20240617T030256Z_webconnectivity_SV_27773_n1_gNo5cOP6YNnoEBYI,"{'analysis': {'blocking_type': 'dns'}, 'blocking_country': 0.0, 'blocking_general': 1.0, 'blocking_global': 0.0, 'blocking_isp': 0.0, 'blocking_local': 0.0}",web_connectivity
True,False,False,http://www.siecus.org/,2024-06-16T13:03:18Z,20240616130318.574935_SV_webconnectivity_4b60dca7370830e7,https://api.ooni.io/api/v1/raw_measurement?measurement_uid=20240616130318.574935_SV_webconnectivity_4b60dca7370830e7,AS14754,SV,20240616T125150Z_webconnectivity_SV_14754_n1_bFIMBsfsirooooNR,"{'analysis': {'blocking_type': 'dns'}, 'blocking_country': 0.0, 'blocking_general': 1.0, 'blocking_global': 0.0, 'blocking_isp': 0.0, 'blocking_local': 0.0}",web_connectivity
True,False,False,https://www.sfsi.org/,2024-06-16T13:03:00Z,20240616130300.951452_SV_webconnectivity_de5062d8d96e15e1,https://api.ooni.io/api/v1/raw_measurement?measurement_uid=20240616130300.951452_SV_webconnectivity_de5062d8d96e15e1,AS14754,SV,20240616T125150Z_webconnectivity_SV_14754_n1_bFIMBsfsirooooNR,"{'analysis': {'blocking_type': 'dns'}, 'blocking_country': 0.0, 'blocking_general': 1.0, 'blocking_global': 0.0, 'blocking_isp': 0.0, 'blocking_local': 0.0}",web_connectivity
True,False,False,http://www.sexandu.ca/,2024-06-16T13:02:25Z,20240616130226.035212_SV_webconnectivity_4c0eab84404ee3ef,https://api.ooni.io/api/v1/raw_measurement?measurement_uid=20240616130226.035212_SV_webconnectivity_4c0eab84404ee3ef,AS14754,SV,20240616T125150Z_webconnectivity_SV_14754_n1_bFIMBsfsirooooNR,"{'analysis': {'blocking_type': 'dns'}, 'blocking_country': 0.0, 'blocking_general': 1.0, 'blocking_global': 0.0, 'blocking_isp': 0.0, 'blocking_local': 0.0}",web_connectivity
True,False,False,https://www.premaritalsex.info/,2024-06-16T13:00:53Z,20240616130053.881748_SV_webconnectivity_ce56b8af39490135,https://api.ooni.io/api/v1/raw_measurement?measurement_uid=20240616130053.881748_SV_webconnectivity_ce56b8af39490135,AS14754,SV,20240616T125150Z_webconnectivity_SV_14754_n1_bFIMBsfsirooooNR,"{'analysis': {'blocking_type': 'dns'}, 'blocking_country': 0.0, 'blocking_general': 1.0, 'blocking_global': 0.0, 'blocking_isp': 0.0, 'blocking_local': 0.0}",web_connectivity
True,False,False,http://www.teensource.org/,2024-06-06T03:36:52Z,20240606033652.482259_SV_webconnectivity_c30adc5285402143,https://api.ooni.io/api/v1/raw_measurement?measurement_uid=20240606033652.482259_SV_webconnectivity_c30adc5285402143,AS14754,SV,20240606T032714Z_webconnectivity_SV_14754_n1_wUzkzqyLAfRv70BT,"{'analysis': {'blocking_type': 'dns'}, 'blocking_country': 0.0, 'blocking_general': 1.0, 'blocking_global': 0.0, 'blocking_isp': 0.0, 'blocking_local': 0.0}",web_connectivity
True,False,False,http://www.teenhealthfx.com/,2024-06-06T03:36:46Z,20240606033646.411327_SV_webconnectivity_70fc4278ea408f47,https://api.ooni.io/api/v1/raw_measurement?measurement_uid=20240606033646.411327_SV_webconnectivity_70fc4278ea408f47,AS14754,SV,20240606T032714Z_webconnectivity_SV_14754_n1_wUzkzqyLAfRv70BT,"{'analysis': {'blocking_type': 'dns'}, 'blocking_country': 0.0, 'blocking_general': 1.0, 'blocking_global': 0.0, 'blocking_isp': 0.0, 'blocking_local': 0.0}",web_connectivity
True,False,False,https://www.plancpills.org/,2024-06-06T03:05:04Z,20240606030504.360505_SV_webconnectivity_486168c8eec1837c,https://api.ooni.io/api/v1/raw_measurement?measurement_uid=20240606030504.360505_SV_webconnectivity_486168c8eec1837c,AS14754,SV,20240606T025329Z_webconnectivity_SV_14754_n1_UNpIs1v97ShQQCoy,"{'analysis': {'blocking_type': 'dns'}, 'blocking_country': 0.0, 'blocking_general': 1.0, 'blocking_global': 0.0, 'blocking_isp': 0.0, 'blocking_local': 0.0}",web_connectivity
True,False,False,http://www.itsyoursexlife.com/,2024-06-06T03:01:24Z,20240606030124.695577_SV_webconnectivity_4fcf3ce4755432a1,https://api.ooni.io/api/v1/raw_measurement?measurement_uid=20240606030124.695577_SV_webconnectivity_4fcf3ce4755432a1,AS14754,SV,20240606T025329Z_webconnectivity_SV_14754_n1_UNpIs1v97ShQQCoy,"{'analysis': {'blocking_type': 'dns'}, 'blocking_country': 0.0, 'blocking_general': 1.0, 'blocking_global': 0.0, 'blocking_isp': 0.0, 'blocking_local': 0.0}",web_connectivity
True,False,False,http://www.iavi.org/,2024-06-06T03:00:36Z,20240606030036.555441_SV_webconnectivity_b88d4388078f571f,https://api.ooni.io/api/v1/raw_measurement?measurement_uid=20240606030036.555441_SV_webconnectivity_b88d4388078f571f,AS14754,SV,20240606T025329Z_webconnectivity_SV_14754_n1_UNpIs1v97ShQQCoy,"{'analysis': {'blocking_type': 'dns'}, 'blocking_country': 0.0, 'blocking_general': 1.0, 'blocking_global': 0.0, 'blocking_isp': 0.0, 'blocking_local': 0.0}",web_connectivity
True,False,False,https://www.birthcontrol.com/,2024-06-06T02:56:03Z,20240606025603.222814_SV_webconnectivity_3a328f26bc7bf053,https://api.ooni.io/api/v1/raw_measurement?measurement_uid=20240606025603.222814_SV_webconnectivity_3a328f26bc7bf053,AS14754,SV,20240606T025329Z_webconnectivity_SV_14754_n1_UNpIs1v97ShQQCoy,"{'analysis': {'blocking_type': 'dns'}, 'blocking_country': 0.0, 'blocking_general': 1.0, 'blocking_global': 0.0, 'blocking_isp': 0.0, 'blocking_local': 0.0}",web_connectivity
True,False,False,https://vesselthefilm.com/,2024-06-06T02:55:04Z,20240606025504.243459_SV_webconnectivity_2a247367f2554439,https://api.ooni.io/api/v1/raw_measurement?measurement_uid=20240606025504.243459_SV_webconnectivity_2a247367f2554439,AS14754,SV,20240606T025329Z_webconnectivity_SV_14754_n1_UNpIs1v97ShQQCoy,"{'analysis': {'blocking_type': 'dns'}, 'blocking_country': 0.0, 'blocking_general': 1.0, 'blocking_global': 0.0, 'blocking_isp': 0.0, 'blocking_local': 0.0}",web_connectivity
True,False,False,https://srhrforall.org/,2024-06-06T02:54:50Z,20240606025450.952329_SV_webconnectivity_bfd4583cb0dd6ff9,https://api.ooni.io/api/v1/raw_measurement?measurement_uid=20240606025450.952329_SV_webconnectivity_bfd4583cb0dd6ff9,AS14754,SV,20240606T025329Z_webconnectivity_SV_14754_n1_UNpIs1v97ShQQCoy,"{'analysis': {'blocking_type': 'dns'}, 'blocking_country': 0.0, 'blocking_general': 1.0, 'blocking_global': 0.0, 'blocking_isp': 0.0, 'blocking_local': 0.0}",web_connectivity
True,False,False,https://goaskalice.columbia.edu/,2024-06-06T02:54:08Z,20240606025408.236582_SV_webconnectivity_a811834e09d67370,https://api.ooni.io/api/v1/raw_measurement?measurement_uid=20240606025408.236582_SV_webconnectivity_a811834e09d67370,AS14754,SV,20240606T025329Z_webconnectivity_SV_14754_n1_UNpIs1v97ShQQCoy,"{'analysis': {'blocking_type': 'dns'}, 'blocking_country': 0.0, 'blocking_general': 1.0, 'blocking_global': 0.0, 'blocking_isp': 0.0, 'blocking_local': 0.0}",web_connectivity
True,False,False,https://www.fhi360.org/,2024-06-06T02:46:18Z,20240606024618.463055_SV_webconnectivity_e184d89ecbedc35b,https://api.ooni.io/api/v1/raw_measurement?measurement_uid=20240606024618.463055_SV_webconnectivity_e184d89ecbedc35b,AS14754,SV,20240606T023627Z_webconnectivity_SV_14754_n1_MMtiQTrLHzAdaT9d,"{'analysis': {'blocking_type': 'dns'}, 'blocking_country': 0.0, 'blocking_general': 1.0, 'blocking_global': 0.0, 'blocking_isp': 0.0, 'blocking_local': 0.0}",web_connectivity
True,False,False,https://www.catholicsforchoice.org/,2024-06-06T02:43:35Z,20240606024335.325404_SV_webconnectivity_5e57ba85cb27d015,https://api.ooni.io/api/v1/raw_measurement?measurement_uid=20240606024335.325404_SV_webconnectivity_5e57ba85cb27d015,AS14754,SV,20240606T023627Z_webconnectivity_SV_14754_n1_MMtiQTrLHzAdaT9d,"{'analysis': {'blocking_type': 'dns'}, 'blocking_country': 0.0, 'blocking_general': 1.0, 'blocking_global': 0.0, 'blocking_isp': 0.0, 'blocking_local': 0.0}",web_connectivity
True,False,False,http://thenationalcampaign.org/,2024-06-06T02:11:57Z,20240606021158.006311_SV_webconnectivity_f078b6984f845f3e,https://api.ooni.io/api/v1/raw_measurement?measurement_uid=20240606021158.006311_SV_webconnectivity_f078b6984f845f3e,AS14754,SV,20240606T020036Z_webconnectivity_SV_14754_n1_oC3SbDV2nemcSc5R,"{'analysis': {'blocking_type': 'dns'}, 'blocking_country': 0.0, 'blocking_general': 1.0, 'blocking_global': 0.0, 'blocking_isp': 0.0, 'blocking_local': 0.0}",web_connectivity
anomaly,confirmed,failure,input,measurement_start_time,measurement_uid,measurement_url,probe_asn,probe_cc,report_id,scores,test_name
True,False,False,https://sexetc.org/,2024-07-29T02:40:31Z,20240729024032.319846_SV_webconnectivity_c0d8609ecfed332a,https://api.ooni.io/api/v1/raw_measurement?measurement_uid=20240729024032.319846_SV_webconnectivity_c0d8609ecfed332a,AS14754,SV,20240729T023501Z_webconnectivity_SV_14754_n1_wTFOzyg1KVcYsgDn,"{'analysis': {'blocking_type': 'dns'}, 'blocking_country': 0.0, 'blocking_general': 1.0, 'blocking_global': 0.0, 'blocking_isp': 0.0, 'blocking_local': 0.0}",web_connectivity
True,False,False,http://www.scarleteen.com/,2024-07-27T01:36:46Z,20240727013647.450981_SV_webconnectivity_434ca819b7d40514,https://api.ooni.io/api/v1/raw_measurement?measurement_uid=20240727013647.450981_SV_webconnectivity_434ca819b7d40514,AS14754,SV,20240727T012852Z_webconnectivity_SV_14754_n1_eMqk5qLojQr7USZL,"{'analysis': {'blocking_type': 'dns'}, 'blocking_country': 0.0, 'blocking_general': 1.0, 'blocking_global': 0.0, 'blocking_isp': 0.0, 'blocking_local': 0.0}",web_connectivity
True,False,False,https://www.abortionno.org/,2024-07-27T01:22:28Z,20240727012228.913019_SV_webconnectivity_dcccb04e13274c90,https://api.ooni.io/api/v1/raw_measurement?measurement_uid=20240727012228.913019_SV_webconnectivity_dcccb04e13274c90,AS14754,SV,20240727T011631Z_webconnectivity_SV_14754_n1_PvXAqbkJonQY8lg7,"{'analysis': {'blocking_type': 'dns'}, 'blocking_country': 0.0, 'blocking_general': 1.0, 'blocking_global': 0.0, 'blocking_isp': 0.0, 'blocking_local': 0.0}",web_connectivity
True,False,False,http://www.positive.org/,2024-07-26T01:41:44Z,20240726014144.625522_SV_webconnectivity_d073f0fc0710b520,https://api.ooni.io/api/v1/raw_measurement?measurement_uid=20240726014144.625522_SV_webconnectivity_d073f0fc0710b520,AS14754,SV,20240726T014114Z_webconnectivity_SV_14754_n1_azM6UJdYhgp6orjf,"{'analysis': {'blocking_type': 'dns'}, 'blocking_country': 0.0, 'blocking_general': 1.0, 'blocking_global': 0.0, 'blocking_isp': 0.0, 'blocking_local': 0.0}",web_connectivity
True,False,False,http://www.siecus.org/,2024-07-23T17:08:55Z,20240723170855.163252_SV_webconnectivity_4781baad0630b4dc,https://api.ooni.io/api/v1/raw_measurement?measurement_uid=20240723170855.163252_SV_webconnectivity_4781baad0630b4dc,AS27729,SV,20240723T170824Z_webconnectivity_SV_27729_n1_fCp5x8nPQ8pxo5wF,"{'analysis': {'blocking_type': 'dns'}, 'blocking_country': 0.0, 'blocking_general': 1.0, 'blocking_global': 0.0, 'blocking_isp': 0.0, 'blocking_local': 0.0}",web_connectivity
True,False,False,http://www.sexedlibrary.org/,2024-07-23T03:59:56Z,20240723035956.991877_SV_webconnectivity_9e58463896866bd1,https://api.ooni.io/api/v1/raw_measurement?measurement_uid=20240723035956.991877_SV_webconnectivity_9e58463896866bd1,AS14754,SV,20240723T035827Z_webconnectivity_SV_14754_n1_I5o0N7reogoSTEmj,"{'analysis': {'blocking_type': 'dns'}, 'blocking_country': 0.0, 'blocking_general': 1.0, 'blocking_global': 0.0, 'blocking_isp': 0.0, 'blocking_local': 0.0}",web_connectivity
True,False,False,https://prolife.com/,2024-07-23T03:21:13Z,20240723032114.004678_SV_webconnectivity_9e1a1ca0fa042575,https://api.ooni.io/api/v1/raw_measurement?measurement_uid=20240723032114.004678_SV_webconnectivity_9e1a1ca0fa042575,AS14754,SV,20240723T031850Z_webconnectivity_SV_14754_n1_4bgq4RnehG49MybS,"{'analysis': {'blocking_type': 'dns'}, 'blocking_country': 0.0, 'blocking_general': 1.0, 'blocking_global': 0.0, 'blocking_isp': 0.0, 'blocking_local': 0.0}",web_connectivity
True,False,False,http://thenationalcampaign.org/,2024-07-19T00:43:02Z,20240719004302.911532_SV_webconnectivity_cd7dcbf0b9af2add,https://api.ooni.io/api/v1/raw_measurement?measurement_uid=20240719004302.911532_SV_webconnectivity_cd7dcbf0b9af2add,AS14754,SV,20240719T003418Z_webconnectivity_SV_14754_n1_qSSlkoo53mljqjOm,"{'analysis': {'blocking_type': 'dns'}, 'blocking_country': 0.0, 'blocking_general': 1.0, 'blocking_global': 0.0, 'blocking_isp': 0.0, 'blocking_local': 0.0}",web_connectivity
True,False,False,https://myabortionstory.tumblr.com/,2024-07-19T00:39:59Z,20240719003959.701805_SV_webconnectivity_ef8df99560fcf3ec,https://api.ooni.io/api/v1/raw_measurement?measurement_uid=20240719003959.701805_SV_webconnectivity_ef8df99560fcf3ec,AS14754,SV,20240719T003418Z_webconnectivity_SV_14754_n1_qSSlkoo53mljqjOm,"{'analysis': {'blocking_type': 'dns'}, 'blocking_country': 0.0, 'blocking_general': 1.0, 'blocking_global': 0.0, 'blocking_isp': 0.0, 'blocking_local': 0.0}",web_connectivity
True,False,False,http://www.sexandu.ca/,2024-07-04T03:32:45Z,20240704033245.600689_SV_webconnectivity_74f4c7d4834017e5,https://api.ooni.io/api/v1/raw_measurement?measurement_uid=20240704033245.600689_SV_webconnectivity_74f4c7d4834017e5,AS14754,SV,20240704T032555Z_webconnectivity_SV_14754_n1_qc2WCGaotqrAW8Ui,"{'analysis': {'blocking_type': 'dns'}, 'blocking_country': 0.0, 'blocking_general': 1.0, 'blocking_global': 0.0, 'blocking_isp': 0.0, 'blocking_local': 0.0}",web_connectivity
True,False,False,https://www.premaritalsex.info/,2024-07-04T03:31:43Z,20240704033143.546032_SV_webconnectivity_702266bb62e336aa,https://api.ooni.io/api/v1/raw_measurement?measurement_uid=20240704033143.546032_SV_webconnectivity_702266bb62e336aa,AS14754,SV,20240704T032555Z_webconnectivity_SV_14754_n1_qc2WCGaotqrAW8Ui,"{'analysis': {'blocking_type': 'dns'}, 'blocking_country': 0.0, 'blocking_general': 1.0, 'blocking_global': 0.0, 'blocking_isp': 0.0, 'blocking_local': 0.0}",web_connectivity
True,False,False,https://www.catholicsforchoice.org/,2024-07-04T02:28:00Z,20240704022801.216466_SV_webconnectivity_0865d0764565f93a,https://api.ooni.io/api/v1/raw_measurement?measurement_uid=20240704022801.216466_SV_webconnectivity_0865d0764565f93a,AS14754,SV,20240704T021731Z_webconnectivity_SV_14754_n1_5g0l6ZtocoC0lv4J,"{'analysis': {'blocking_type': 'dns'}, 'blocking_country': 0.0, 'blocking_general': 1.0, 'blocking_global': 0.0, 'blocking_isp': 0.0, 'blocking_local': 0.0}",web_connectivity
True,False,False,https://www.abortoinfosegura.com/,2024-07-04T02:25:32Z,20240704022532.890077_SV_webconnectivity_7a87fae5900beaec,https://api.ooni.io/api/v1/raw_measurement?measurement_uid=20240704022532.890077_SV_webconnectivity_7a87fae5900beaec,AS14754,SV,20240704T021731Z_webconnectivity_SV_14754_n1_5g0l6ZtocoC0lv4J,"{'analysis': {'blocking_type': 'dns'}, 'blocking_country': 0.0, 'blocking_general': 1.0, 'blocking_global': 0.0, 'blocking_isp': 0.0, 'blocking_local': 0.0}",web_connectivity
anomaly,confirmed,failure,input,measurement_start_time,measurement_uid,measurement_url,probe_asn,probe_cc,report_id,scores,test_name
True,False,False,http://www.iavi.org/,2024-08-30T22:54:01Z,20240830225411.762796_SV_webconnectivity_8bd8d098bd35eb47,https://api.ooni.io/api/v1/raw_measurement?measurement_uid=20240830225411.762796_SV_webconnectivity_8bd8d098bd35eb47,AS14754,SV,20240830T225141Z_webconnectivity_SV_14754_n1_zT3h0UWB4GsL3Mvw,"{'analysis': {'blocking_type': 'dns'}, 'blocking_country': 0.0, 'blocking_general': 1.0, 'blocking_global': 0.0, 'blocking_isp': 0.0, 'blocking_local': 0.0}",web_connectivity
True,False,False,https://www.advocatesforyouth.org/,2024-08-12T02:29:10Z,20240812022911.160112_SV_webconnectivity_08f26cc636dbf221,https://api.ooni.io/api/v1/raw_measurement?measurement_uid=20240812022911.160112_SV_webconnectivity_08f26cc636dbf221,AS14754,SV,20240812T021854Z_webconnectivity_SV_14754_n1_6Qo1jPvQCbDk8mFM,"{'analysis': {'blocking_type': 'dns'}, 'blocking_country': 0.0, 'blocking_general': 1.0, 'blocking_global': 0.0, 'blocking_isp': 0.0, 'blocking_local': 0.0}",web_connectivity
True,False,False,https://www.abortionno.org/,2024-08-12T02:28:38Z,20240812022838.366349_SV_webconnectivity_054d516ecdc39a3a,https://api.ooni.io/api/v1/raw_measurement?measurement_uid=20240812022838.366349_SV_webconnectivity_054d516ecdc39a3a,AS14754,SV,20240812T021854Z_webconnectivity_SV_14754_n1_6Qo1jPvQCbDk8mFM,"{'analysis': {'blocking_type': 'dns'}, 'blocking_country': 0.0, 'blocking_general': 1.0, 'blocking_global': 0.0, 'blocking_isp': 0.0, 'blocking_local': 0.0}",web_connectivity
True,False,False,https://womenhelp.org/,2024-08-12T02:27:48Z,20240812022748.625047_SV_webconnectivity_15796a7481ff3eda,https://api.ooni.io/api/v1/raw_measurement?measurement_uid=20240812022748.625047_SV_webconnectivity_15796a7481ff3eda,AS14754,SV,20240812T021854Z_webconnectivity_SV_14754_n1_6Qo1jPvQCbDk8mFM,"{'analysis': {'blocking_type': 'dns'}, 'blocking_country': 0.0, 'blocking_general': 1.0, 'blocking_global': 0.0, 'blocking_isp': 0.0, 'blocking_local': 0.0}",web_connectivity
True,False,False,https://srhrforall.org/,2024-08-12T02:26:00Z,20240812022600.778826_SV_webconnectivity_04f10615ad029197,https://api.ooni.io/api/v1/raw_measurement?measurement_uid=20240812022600.778826_SV_webconnectivity_04f10615ad029197,AS14754,SV,20240812T021854Z_webconnectivity_SV_14754_n1_6Qo1jPvQCbDk8mFM,"{'analysis': {'blocking_type': 'dns'}, 'blocking_country': 0.0, 'blocking_general': 1.0, 'blocking_global': 0.0, 'blocking_isp': 0.0, 'blocking_local': 0.0}",web_connectivity
True,False,False,https://prolife.com/,2024-08-12T02:23:54Z,20240812022354.737433_SV_webconnectivity_7ed36aaca85f5124,https://api.ooni.io/api/v1/raw_measurement?measurement_uid=20240812022354.737433_SV_webconnectivity_7ed36aaca85f5124,AS14754,SV,20240812T021854Z_webconnectivity_SV_14754_n1_6Qo1jPvQCbDk8mFM,"{'analysis': {'blocking_type': 'dns'}, 'blocking_country': 0.0, 'blocking_general': 1.0, 'blocking_global': 0.0, 'blocking_isp': 0.0, 'blocking_local': 0.0}",web_connectivity
True,False,False,https://aidaccess.org/,2024-08-12T02:08:24Z,20240812020824.966566_SV_webconnectivity_fc668977ef3f880d,https://api.ooni.io/api/v1/raw_measurement?measurement_uid=20240812020824.966566_SV_webconnectivity_fc668977ef3f880d,AS14754,SV,20240812T020623Z_webconnectivity_SV_14754_n1_IojdOZIUCglmpy8k,"{'analysis': {'blocking_type': 'dns'}, 'blocking_country': 0.0, 'blocking_general': 1.0, 'blocking_global': 0.0, 'blocking_isp': 0.0, 'blocking_local': 0.0}",web_connectivity
True,False,False,https://abortionpillinfo.org/,2024-08-12T02:08:18Z,20240812020818.496001_SV_webconnectivity_c0607ec0f4fe2371,https://api.ooni.io/api/v1/raw_measurement?measurement_uid=20240812020818.496001_SV_webconnectivity_c0607ec0f4fe2371,AS14754,SV,20240812T020623Z_webconnectivity_SV_14754_n1_IojdOZIUCglmpy8k,"{'analysis': {'blocking_type': 'dns'}, 'blocking_country': 0.0, 'blocking_general': 1.0, 'blocking_global': 0.0, 'blocking_isp': 0.0, 'blocking_local': 0.0}",web_connectivity
anomaly,confirmed,failure,input,measurement_start_time,measurement_uid,measurement_url,probe_asn,probe_cc,report_id,scores,test_name
True,False,False,https://www.catholicsforchoice.org/,2024-09-28T01:41:05Z,20240928014106.741281_SV_webconnectivity_d931b2cb76a37918,https://api.ooni.io/api/v1/raw_measurement?measurement_uid=20240928014106.741281_SV_webconnectivity_d931b2cb76a37918,AS14754,SV,20240928T013840Z_webconnectivity_SV_14754_n1_KnWLpLiYhumHdaQO,"{'analysis': {'blocking_type': 'dns'}, 'blocking_country': 0.0, 'blocking_general': 1.0, 'blocking_global': 0.0, 'blocking_isp': 0.0, 'blocking_local': 0.0}",web_connectivity
True,False,False,https://abortionnetwork.amsterdam/,2024-09-27T14:51:56Z,20240927145159.232059_SV_webconnectivity_97219919f0ca0309,https://api.ooni.io/api/v1/raw_measurement?measurement_uid=20240927145159.232059_SV_webconnectivity_97219919f0ca0309,AS14754,SV,20240927T144547Z_webconnectivity_SV_14754_n1_0yz0RahxG7173uUB,"{'analysis': {'blocking_type': 'dns'}, 'blocking_country': 0.0, 'blocking_general': 1.0, 'blocking_global': 0.0, 'blocking_isp': 0.0, 'blocking_local': 0.0}",web_connectivity
True,False,False,https://www.advocatesforyouth.org/,2024-09-26T11:22:49Z,20240926112252.917512_SV_webconnectivity_0d29191670e5a7bc,https://api.ooni.io/api/v1/raw_measurement?measurement_uid=20240926112252.917512_SV_webconnectivity_0d29191670e5a7bc,AS14754,SV,20240926T111910Z_webconnectivity_SV_14754_n1_93L3GoBtHGSrXqtu,"{'analysis': {'blocking_type': 'dns'}, 'blocking_country': 0.0, 'blocking_general': 1.0, 'blocking_global': 0.0, 'blocking_isp': 0.0, 'blocking_local': 0.0}",web_connectivity
True,False,False,https://www.premaritalsex.info/,2024-09-26T11:22:39Z,20240926112240.687188_SV_webconnectivity_feccf3d24a6b1579,https://api.ooni.io/api/v1/raw_measurement?measurement_uid=20240926112240.687188_SV_webconnectivity_feccf3d24a6b1579,AS14754,SV,20240926T112025Z_webconnectivity_SV_14754_n1_cQzlDgZwCcE1d7KJ,"{'analysis': {'blocking_type': 'dns'}, 'blocking_country': 0.0, 'blocking_general': 1.0, 'blocking_global': 0.0, 'blocking_isp': 0.0, 'blocking_local': 0.0}",web_connectivity
True,False,False,https://www.plannedparenthood.org/,2024-09-26T11:22:39Z,20240926112239.661774_SV_webconnectivity_8df188636403a594,https://api.ooni.io/api/v1/raw_measurement?measurement_uid=20240926112239.661774_SV_webconnectivity_8df188636403a594,AS14754,SV,20240926T112025Z_webconnectivity_SV_14754_n1_cQzlDgZwCcE1d7KJ,"{'analysis': {'blocking_type': 'dns'}, 'blocking_country': 0.0, 'blocking_general': 1.0, 'blocking_global': 0.0, 'blocking_isp': 0.0, 'blocking_local': 0.0}",web_connectivity
True,False,False,https://www.plancpills.org/,2024-09-26T11:22:38Z,20240926112239.060680_SV_webconnectivity_54516b2514cb7914,https://api.ooni.io/api/v1/raw_measurement?measurement_uid=20240926112239.060680_SV_webconnectivity_54516b2514cb7914,AS14754,SV,20240926T112025Z_webconnectivity_SV_14754_n1_cQzlDgZwCcE1d7KJ,"{'analysis': {'blocking_type': 'dns'}, 'blocking_country': 0.0, 'blocking_general': 1.0, 'blocking_global': 0.0, 'blocking_isp': 0.0, 'blocking_local': 0.0}",web_connectivity
True,False,False,https://srhrforall.org/,2024-09-26T11:22:20Z,20240926112223.365604_SV_webconnectivity_eff116f022282244,https://api.ooni.io/api/v1/raw_measurement?measurement_uid=20240926112223.365604_SV_webconnectivity_eff116f022282244,AS14754,SV,20240926T111910Z_webconnectivity_SV_14754_n1_93L3GoBtHGSrXqtu,"{'analysis': {'blocking_type': 'dns'}, 'blocking_country': 0.0, 'blocking_general': 1.0, 'blocking_global': 0.0, 'blocking_isp': 0.0, 'blocking_local': 0.0}",web_connectivity
True,False,False,http://www.itsyoursexlife.com/,2024-09-26T11:21:54Z,20240926112155.875236_SV_webconnectivity_c08517f36c7e6bd0,https://api.ooni.io/api/v1/raw_measurement?measurement_uid=20240926112155.875236_SV_webconnectivity_c08517f36c7e6bd0,AS14754,SV,20240926T112025Z_webconnectivity_SV_14754_n1_cQzlDgZwCcE1d7KJ,"{'analysis': {'blocking_type': 'dns'}, 'blocking_country': 0.0, 'blocking_general': 1.0, 'blocking_global': 0.0, 'blocking_isp': 0.0, 'blocking_local': 0.0}",web_connectivity
True,False,False,http://www.iavi.org/,2024-09-26T11:21:40Z,20240926112140.737855_SV_webconnectivity_8d1574c33f1f4000,https://api.ooni.io/api/v1/raw_measurement?measurement_uid=20240926112140.737855_SV_webconnectivity_8d1574c33f1f4000,AS14754,SV,20240926T112025Z_webconnectivity_SV_14754_n1_cQzlDgZwCcE1d7KJ,"{'analysis': {'blocking_type': 'dns'}, 'blocking_country': 0.0, 'blocking_general': 1.0, 'blocking_global': 0.0, 'blocking_isp': 0.0, 'blocking_local': 0.0}",web_connectivity
True,False,False,https://www.fhi360.org/,2024-09-26T11:21:24Z,20240926112125.623795_SV_webconnectivity_bffafacffa8376f5,https://api.ooni.io/api/v1/raw_measurement?measurement_uid=20240926112125.623795_SV_webconnectivity_bffafacffa8376f5,AS14754,SV,20240926T112025Z_webconnectivity_SV_14754_n1_cQzlDgZwCcE1d7KJ,"{'analysis': {'blocking_type': 'dns'}, 'blocking_country': 0.0, 'blocking_general': 1.0, 'blocking_global': 0.0, 'blocking_isp': 0.0, 'blocking_local': 0.0}",web_connectivity
True,False,False,https://www.beintheknow.org/,2024-09-26T11:21:04Z,20240926112105.516922_SV_webconnectivity_a88ed3bf1bb383d9,https://api.ooni.io/api/v1/raw_measurement?measurement_uid=20240926112105.516922_SV_webconnectivity_a88ed3bf1bb383d9,AS14754,SV,20240926T112025Z_webconnectivity_SV_14754_n1_cQzlDgZwCcE1d7KJ,"{'analysis': {'blocking_type': 'dns'}, 'blocking_country': 0.0, 'blocking_general': 1.0, 'blocking_global': 0.0, 'blocking_isp': 0.0, 'blocking_local': 0.0}",web_connectivity
True,False,False,http://www.teensource.org/,2024-09-24T07:11:13Z,20240924071114.032932_SV_webconnectivity_ae06ad3f3b14f94c,https://api.ooni.io/api/v1/raw_measurement?measurement_uid=20240924071114.032932_SV_webconnectivity_ae06ad3f3b14f94c,AS14754,SV,20240924T065708Z_webconnectivity_SV_14754_n1_3oB0aOCDCTzqqBXE,"{'analysis': {'blocking_type': 'dns'}, 'blocking_country': 0.0, 'blocking_general': 1.0, 'blocking_global': 0.0, 'blocking_isp': 0.0, 'blocking_local': 0.0}",web_connectivity
True,False,False,http://www.teenhealthfx.com/,2024-09-24T07:11:12Z,20240924071113.452812_SV_webconnectivity_1f7707dab67928ba,https://api.ooni.io/api/v1/raw_measurement?measurement_uid=20240924071113.452812_SV_webconnectivity_1f7707dab67928ba,AS14754,SV,20240924T065708Z_webconnectivity_SV_14754_n1_3oB0aOCDCTzqqBXE,"{'analysis': {'blocking_type': 'dns'}, 'blocking_country': 0.0, 'blocking_general': 1.0, 'blocking_global': 0.0, 'blocking_isp': 0.0, 'blocking_local': 0.0}",web_connectivity
True,False,False,http://www.survive.org.uk/,2024-09-24T07:11:08Z,20240924071109.135137_SV_webconnectivity_222e375efb8ba009,https://api.ooni.io/api/v1/raw_measurement?measurement_uid=20240924071109.135137_SV_webconnectivity_222e375efb8ba009,AS14754,SV,20240924T065708Z_webconnectivity_SV_14754_n1_3oB0aOCDCTzqqBXE,"{'analysis': {'blocking_type': 'dns'}, 'blocking_country': 0.0, 'blocking_general': 1.0, 'blocking_global': 0.0, 'blocking_isp': 0.0, 'blocking_local': 0.0}",web_connectivity
True,False,False,https://www.zanzu.nl/,2024-09-24T07:10:54Z,20240924071055.595975_SV_webconnectivity_417ce001399504d0,https://api.ooni.io/api/v1/raw_measurement?measurement_uid=20240924071055.595975_SV_webconnectivity_417ce001399504d0,AS14754,SV,20240924T071011Z_webconnectivity_SV_14754_n1_ctblZHlWoaNOmgEX,"{'analysis': {'blocking_type': 'dns'}, 'blocking_country': 0.0, 'blocking_general': 1.0, 'blocking_global': 0.0, 'blocking_isp': 0.0, 'blocking_local': 0.0}",web_connectivity
True,False,False,http://www.siecus.org/,2024-09-23T07:40:33Z,20240923074035.244765_SV_webconnectivity_7ea0ee13874c648a,https://api.ooni.io/api/v1/raw_measurement?measurement_uid=20240923074035.244765_SV_webconnectivity_7ea0ee13874c648a,AS27729,SV,20240923T073756Z_webconnectivity_SV_27729_n1_oa4ZQEftj3D6K9fy,"{'analysis': {'blocking_type': 'dns'}, 'blocking_country': 0.0, 'blocking_general': 1.0, 'blocking_global': 0.0, 'blocking_isp': 0.0, 'blocking_local': 0.0}",web_connectivity
True,False,False,https://goaskalice.columbia.edu/,2024-09-21T14:38:07Z,20240921143816.074395_SV_webconnectivity_ef117f27a90dc3ab,https://api.ooni.io/api/v1/raw_measurement?measurement_uid=20240921143816.074395_SV_webconnectivity_ef117f27a90dc3ab,AS14754,SV,20240921T142833Z_webconnectivity_SV_14754_n1_hqJptN4wyu7tAeEF,"{'analysis': {'blocking_type': 'dns'}, 'blocking_country': 0.0, 'blocking_general': 1.0, 'blocking_global': 0.0, 'blocking_isp': 0.0, 'blocking_local': 0.0}",web_connectivity
True,False,False,http://www.positive.org/,2024-09-20T06:25:43Z,20240920062757.658084_SV_webconnectivity_cc8549ec0198241a,https://api.ooni.io/api/v1/raw_measurement?measurement_uid=20240920062757.658084_SV_webconnectivity_cc8549ec0198241a,AS14754,SV,20240920T062317Z_webconnectivity_SV_14754_n1_xMqQojyJ65krJn03,"{'analysis': {'blocking_type': 'dns'}, 'blocking_country': 0.0, 'blocking_general': 1.0, 'blocking_global': 0.0, 'blocking_isp': 0.0, 'blocking_local': 0.0}",web_connectivity
True,False,False,https://www.abortionno.org/,2024-09-20T06:21:35Z,20240920062137.022806_SV_webconnectivity_ec9770ead6ff4d93,https://api.ooni.io/api/v1/raw_measurement?measurement_uid=20240920062137.022806_SV_webconnectivity_ec9770ead6ff4d93,AS14754,SV,20240920T062059Z_webconnectivity_SV_14754_n1_1LAKHl6oIoqLhXkX,"{'analysis': {'blocking_type': 'dns'}, 'blocking_country': 0.0, 'blocking_general': 1.0, 'blocking_global': 0.0, 'blocking_isp': 0.0, 'blocking_local': 0.0}",web_connectivity
True,False,False,https://myabortionstory.tumblr.com/,2024-09-20T02:38:21Z,20240920023832.392639_SV_webconnectivity_ab0a145bd648bdf9,https://api.ooni.io/api/v1/raw_measurement?measurement_uid=20240920023832.392639_SV_webconnectivity_ab0a145bd648bdf9,AS14754,SV,20240920T023050Z_webconnectivity_SV_14754_n1_cb3TTedU5BBJt8F3,"{'analysis': {'blocking_type': 'dns'}, 'blocking_country': 0.0, 'blocking_general': 1.0, 'blocking_global': 0.0, 'blocking_isp': 0.0, 'blocking_local': 0.0}",web_connectivity
True,False,False,https://prolife.com/,2024-09-18T03:21:44Z,20240918032156.199868_SV_webconnectivity_89689ee016b9c85e,https://api.ooni.io/api/v1/raw_measurement?measurement_uid=20240918032156.199868_SV_webconnectivity_89689ee016b9c85e,AS14754,SV,20240918T031740Z_webconnectivity_SV_14754_n1_8ZufszpyhcmMBfRc,"{'analysis': {'blocking_type': 'dns'}, 'blocking_country': 0.0, 'blocking_general': 1.0, 'blocking_global': 0.0, 'blocking_isp': 0.0, 'blocking_local': 0.0}",web_connectivity
anomaly,confirmed,failure,input,measurement_start_time,measurement_uid,measurement_url,probe_asn,probe_cc,report_id,scores,test_name
True,False,False,http://www.itsyoursexlife.com/,2024-10-30T11:04:13Z,20241030110757.882178_SV_webconnectivity_96a8dfd1b3f546bb,https://api.ooni.io/api/v1/raw_measurement?measurement_uid=20241030110757.882178_SV_webconnectivity_96a8dfd1b3f546bb,AS27773,SV,20241030T105405Z_webconnectivity_SV_27773_n1_oJrErhlxmYrD6EEx,"{'analysis': {'blocking_type': 'dns'}, 'blocking_country': 0.0, 'blocking_general': 1.0, 'blocking_global': 0.0, 'blocking_isp': 0.0, 'blocking_local': 0.0}",web_connectivity
True,False,False,https://www.sfsi.org/,2024-10-30T10:21:30Z,20241030102132.810415_SV_webconnectivity_60f26cc85c6ca860,https://api.ooni.io/api/v1/raw_measurement?measurement_uid=20241030102132.810415_SV_webconnectivity_60f26cc85c6ca860,AS14754,SV,20241030T101553Z_webconnectivity_SV_14754_n1_0FLnP1sAIAzIPpPa,"{'analysis': {'blocking_type': 'dns'}, 'blocking_country': 0.0, 'blocking_general': 1.0, 'blocking_global': 0.0, 'blocking_isp': 0.0, 'blocking_local': 0.0}",web_connectivity
True,False,False,http://www.sexandu.ca/,2024-10-30T10:21:18Z,20241030102120.889626_SV_webconnectivity_0522e9d47df4436c,https://api.ooni.io/api/v1/raw_measurement?measurement_uid=20241030102120.889626_SV_webconnectivity_0522e9d47df4436c,AS14754,SV,20241030T101553Z_webconnectivity_SV_14754_n1_0FLnP1sAIAzIPpPa,"{'analysis': {'blocking_type': 'dns'}, 'blocking_country': 0.0, 'blocking_general': 1.0, 'blocking_global': 0.0, 'blocking_isp': 0.0, 'blocking_local': 0.0}",web_connectivity
True,False,False,http://www.teenhealthfx.com/,2024-10-30T03:26:10Z,20241030032620.247348_SV_webconnectivity_acb91051945372ff,https://api.ooni.io/api/v1/raw_measurement?measurement_uid=20241030032620.247348_SV_webconnectivity_acb91051945372ff,AS14754,SV,20241030T031844Z_webconnectivity_SV_14754_n1_ZLSPwYiWfdzYpq9E,"{'analysis': {'blocking_type': 'dns'}, 'blocking_country': 0.0, 'blocking_general': 1.0, 'blocking_global': 0.0, 'blocking_isp': 0.0, 'blocking_local': 0.0}",web_connectivity
True,False,False,https://vesselthefilm.com/,2024-10-29T03:23:03Z,20241029032311.241532_SV_webconnectivity_8cc553b2479a69c8,https://api.ooni.io/api/v1/raw_measurement?measurement_uid=20241029032311.241532_SV_webconnectivity_8cc553b2479a69c8,AS14754,SV,20241029T031806Z_webconnectivity_SV_14754_n1_7EnDQFGDDsvVstLU,"{'analysis': {'blocking_type': 'dns'}, 'blocking_country': 0.0, 'blocking_general': 1.0, 'blocking_global': 0.0, 'blocking_isp': 0.0, 'blocking_local': 0.0}",web_connectivity
True,False,False,http://www.teensource.org/,2024-10-28T23:49:26Z,20241028234932.761318_SV_webconnectivity_a1ff15763b216cf5,https://api.ooni.io/api/v1/raw_measurement?measurement_uid=20241028234932.761318_SV_webconnectivity_a1ff15763b216cf5,AS14754,SV,20241028T234536Z_webconnectivity_SV_14754_n1_OJFUlV7NVeqzESNo,"{'analysis': {'blocking_type': 'dns'}, 'blocking_country': 0.0, 'blocking_general': 1.0, 'blocking_global': 0.0, 'blocking_isp': 0.0, 'blocking_local': 0.0}",web_connectivity
True,False,False,http://www.scarleteen.com/,2024-10-28T23:48:17Z,20241028234824.634873_SV_webconnectivity_9cb7040651feea12,https://api.ooni.io/api/v1/raw_measurement?measurement_uid=20241028234824.634873_SV_webconnectivity_9cb7040651feea12,AS14754,SV,20241028T234536Z_webconnectivity_SV_14754_n1_OJFUlV7NVeqzESNo,"{'analysis': {'blocking_type': 'dns'}, 'blocking_country': 0.0, 'blocking_general': 1.0, 'blocking_global': 0.0, 'blocking_isp': 0.0, 'blocking_local': 0.0}",web_connectivity
True,False,False,https://www.beintheknow.org/,2024-10-28T13:40:13Z,20241028134019.084355_SV_webconnectivity_d0e27fac43a4a20a,https://api.ooni.io/api/v1/raw_measurement?measurement_uid=20241028134019.084355_SV_webconnectivity_d0e27fac43a4a20a,AS14754,SV,20241028T133506Z_webconnectivity_SV_14754_n1_0uBVPw85Fl6oVYVC,"{'analysis': {'blocking_type': 'dns'}, 'blocking_country': 0.0, 'blocking_general': 1.0, 'blocking_global': 0.0, 'blocking_isp': 0.0, 'blocking_local': 0.0}",web_connectivity
True,False,False,https://www.abortoinfosegura.com/,2024-10-28T13:38:27Z,20241028133835.871195_SV_webconnectivity_dabe9c3dcb4dc89a,https://api.ooni.io/api/v1/raw_measurement?measurement_uid=20241028133835.871195_SV_webconnectivity_dabe9c3dcb4dc89a,AS14754,SV,20241028T133506Z_webconnectivity_SV_14754_n1_0uBVPw85Fl6oVYVC,"{'analysis': {'blocking_type': 'dns'}, 'blocking_country': 0.0, 'blocking_general': 1.0, 'blocking_global': 0.0, 'blocking_isp': 0.0, 'blocking_local': 0.0}",web_connectivity
True,False,False,https://www.catholicsforchoice.org/,2024-10-27T19:41:08Z,20241027194110.241938_SV_webconnectivity_7d0272e6179efa66,https://api.ooni.io/api/v1/raw_measurement?measurement_uid=20241027194110.241938_SV_webconnectivity_7d0272e6179efa66,AS14754,SV,20241027T194025Z_webconnectivity_SV_14754_n1_cA7KmzOoUEVXxpNW,"{'analysis': {'blocking_type': 'dns'}, 'blocking_country': 0.0, 'blocking_general': 1.0, 'blocking_global': 0.0, 'blocking_isp': 0.0, 'blocking_local': 0.0}",web_connectivity
True,False,False,https://prolife.com/,2024-10-27T01:03:59Z,20241027010408.586649_SV_webconnectivity_8b13b090da222c89,https://api.ooni.io/api/v1/raw_measurement?measurement_uid=20241027010408.586649_SV_webconnectivity_8b13b090da222c89,AS14754,SV,20241027T010112Z_webconnectivity_SV_14754_n1_aPoRtKKGIFHSpt4c,"{'analysis': {'blocking_type': 'dns'}, 'blocking_country': 0.0, 'blocking_general': 1.0, 'blocking_global': 0.0, 'blocking_isp': 0.0, 'blocking_local': 0.0}",web_connectivity
True,False,False,https://abortionfunds.org/,2024-10-25T03:24:01Z,20241025032412.909978_SV_webconnectivity_85c2fa31640fdfa9,https://api.ooni.io/api/v1/raw_measurement?measurement_uid=20241025032412.909978_SV_webconnectivity_85c2fa31640fdfa9,AS14754,SV,20241025T032002Z_webconnectivity_SV_14754_n1_h9kbNnlqNZfmR68j,"{'analysis': {'blocking_type': 'dns'}, 'blocking_country': 0.0, 'blocking_general': 1.0, 'blocking_global': 0.0, 'blocking_isp': 0.0, 'blocking_local': 0.0}",web_connectivity
True,False,False,https://goaskalice.columbia.edu/,2024-10-24T15:59:45Z,20241024155952.935198_SV_webconnectivity_426391b93dd070fa,https://api.ooni.io/api/v1/raw_measurement?measurement_uid=20241024155952.935198_SV_webconnectivity_426391b93dd070fa,AS14754,SV,20241024T155717Z_webconnectivity_SV_14754_n1_e0NzxUqO9cnn5o3k,"{'analysis': {'blocking_type': 'dns'}, 'blocking_country': 0.0, 'blocking_general': 1.0, 'blocking_global': 0.0, 'blocking_isp': 0.0, 'blocking_local': 0.0}",web_connectivity
True,False,False,https://aidaccess.org/,2024-10-24T11:04:14Z,20241024110425.019379_SV_webconnectivity_e4a50a7688d4bc3d,https://api.ooni.io/api/v1/raw_measurement?measurement_uid=20241024110425.019379_SV_webconnectivity_e4a50a7688d4bc3d,AS14754,SV,20241024T110312Z_webconnectivity_SV_14754_n1_xjJjHxBQRVoVBdHE,"{'analysis': {'blocking_type': 'dns'}, 'blocking_country': 0.0, 'blocking_general': 1.0, 'blocking_global': 0.0, 'blocking_isp': 0.0, 'blocking_local': 0.0}",web_connectivity
True,False,False,https://www.advocatesforyouth.org/,2024-10-24T01:14:24Z,20241024011435.857088_SV_webconnectivity_0603aecbab94990a,https://api.ooni.io/api/v1/raw_measurement?measurement_uid=20241024011435.857088_SV_webconnectivity_0603aecbab94990a,AS14754,SV,20241024T011106Z_webconnectivity_SV_14754_n1_XT15IC5rdXbj310t,"{'analysis': {'blocking_type': 'dns'}, 'blocking_country': 0.0, 'blocking_general': 1.0, 'blocking_global': 0.0, 'blocking_isp': 0.0, 'blocking_local': 0.0}",web_connectivity
True,False,False,https://www.premaritalsex.info/,2024-10-22T18:12:01Z,20241022181202.956932_SV_webconnectivity_a7a2649eaf24be21,https://api.ooni.io/api/v1/raw_measurement?measurement_uid=20241022181202.956932_SV_webconnectivity_a7a2649eaf24be21,AS16592,SV,20241022T181134Z_webconnectivity_SV_16592_n1_Nqv36ITyLehhh9lP,"{'analysis': {'blocking_type': 'dns'}, 'blocking_country': 0.0, 'blocking_general': 1.0, 'blocking_global': 0.0, 'blocking_isp': 0.0, 'blocking_local': 0.0, 'fingerprints': [{'confidence_no_fp': 10, 'expected_countries': [], 'location_found': 'dns', 'name': 'cl.dns_prod_opendns_1', 'scope': 'prod'}]}",web_connectivity
True,False,False,https://abortionnetwork.amsterdam/,2024-10-22T17:22:43Z,20241022172245.165417_SV_webconnectivity_2be834dd7c6a3ebb,https://api.ooni.io/api/v1/raw_measurement?measurement_uid=20241022172245.165417_SV_webconnectivity_2be834dd7c6a3ebb,AS14754,SV,20241022T171736Z_webconnectivity_SV_14754_n1_emqViwIBClB5h8hr,"{'analysis': {'blocking_type': 'dns'}, 'blocking_country': 0.0, 'blocking_general': 1.0, 'blocking_global': 0.0, 'blocking_isp': 0.0, 'blocking_local': 0.0}",web_connectivity
True,False,False,http://www.siecus.org/,2024-10-22T04:22:24Z,20241022042226.657633_SV_webconnectivity_7763bdaeedb68b5c,https://api.ooni.io/api/v1/raw_measurement?measurement_uid=20241022042226.657633_SV_webconnectivity_7763bdaeedb68b5c,AS14754,SV,20241022T041738Z_webconnectivity_SV_14754_n1_myCbx4uDB4GfZtu0,"{'analysis': {'blocking_type': 'dns'}, 'blocking_country': 0.0, 'blocking_general': 1.0, 'blocking_global': 0.0, 'blocking_isp': 0.0, 'blocking_local': 0.0}",web_connectivity
True,False,False,https://abortionpillinfo.org/,2024-10-22T02:10:34Z,20241022021047.076386_SV_webconnectivity_3294cd9d6ba00c1c,https://api.ooni.io/api/v1/raw_measurement?measurement_uid=20241022021047.076386_SV_webconnectivity_3294cd9d6ba00c1c,AS14754,SV,20241022T020108Z_webconnectivity_SV_14754_n1_s59MNmjojfBvkg7c,"{'analysis': {'blocking_type': 'dns'}, 'blocking_country': 0.0, 'blocking_general': 1.0, 'blocking_global': 0.0, 'blocking_isp': 0.0, 'blocking_local': 0.0}",web_connectivity
anomaly,confirmed,failure,input,measurement_start_time,measurement_uid,measurement_url,probe_asn,probe_cc,report_id,scores,test_name
True,False,False,http://www.ultimatebirthcontrol.com/,2024-11-29T10:04:36Z,20241129100443.355501_SV_webconnectivity_526fd300ea0e3a34,https://api.ooni.io/api/v1/raw_measurement?measurement_uid=20241129100443.355501_SV_webconnectivity_526fd300ea0e3a34,AS14754,SV,20241129T095945Z_webconnectivity_SV_14754_n1_tIuhuRXcuCMcy9Op,"{'analysis': {'blocking_type': 'dns'}, 'blocking_country': 0.0, 'blocking_general': 1.0, 'blocking_global': 0.0, 'blocking_isp': 0.0, 'blocking_local': 0.0}",web_connectivity
True,False,False,http://www.survive.org.uk/,2024-11-28T15:02:34Z,20241128150235.992889_SV_webconnectivity_89896f44d18d6c4c,https://api.ooni.io/api/v1/raw_measurement?measurement_uid=20241128150235.992889_SV_webconnectivity_89896f44d18d6c4c,AS14754,SV,20241128T145719Z_webconnectivity_SV_14754_n1_ErU3CwN6oovZeR2i,"{'analysis': {'blocking_type': 'dns'}, 'blocking_country': 0.0, 'blocking_general': 1.0, 'blocking_global': 0.0, 'blocking_isp': 0.0, 'blocking_local': 0.0}",web_connectivity
True,False,False,http://www.teenhealthfx.com/,2024-11-26T20:14:53Z,20241126201454.129239_SV_webconnectivity_00f94356bbde04b5,https://api.ooni.io/api/v1/raw_measurement?measurement_uid=20241126201454.129239_SV_webconnectivity_00f94356bbde04b5,AS14754,SV,20241126T201428Z_webconnectivity_SV_14754_n1_ojqXFdzzg8xx2APy,"{'analysis': {'blocking_type': 'dns'}, 'blocking_country': 0.0, 'blocking_general': 1.0, 'blocking_global': 0.0, 'blocking_isp': 0.0, 'blocking_local': 0.0, 'fingerprints': [{'confidence_no_fp': 10, 'expected_countries': [], 'location_found': 'dns', 'name': 'cl.dns_prod_opendns_1', 'scope': 'prod'}, {'confidence_no_fp': 5, 'expected_countries': [], 'location_found': 'body', 'name': 'cp.a_prod_opendns_1_body', 'scope': 'prod'}, {'confidence_no_fp': 8, 'expected_countries': [], 'location_found': 'body', 'name': 'cl.prod_cisco_opendns_forward_2', 'scope': 'prod'}]}",web_connectivity
True,False,False,https://www.plancpills.org/,2024-11-26T02:56:38Z,20241126025639.821082_SV_webconnectivity_4b678320c0e32032,https://api.ooni.io/api/v1/raw_measurement?measurement_uid=20241126025639.821082_SV_webconnectivity_4b678320c0e32032,AS14754,SV,20241126T025117Z_webconnectivity_SV_14754_n1_FiyyXDwjohd9KREo,"{'analysis': {'blocking_type': 'dns'}, 'blocking_country': 0.0, 'blocking_general': 1.0, 'blocking_global': 0.0, 'blocking_isp': 0.0, 'blocking_local': 0.0}",web_connectivity
True,False,False,https://www.catholicsforchoice.org/,2024-11-26T02:45:50Z,20241126024552.042098_SV_webconnectivity_fb4412edb89a2403,https://api.ooni.io/api/v1/raw_measurement?measurement_uid=20241126024552.042098_SV_webconnectivity_fb4412edb89a2403,AS14754,SV,20241126T024335Z_webconnectivity_SV_14754_n1_Un5levSH6VwdwBiW,"{'analysis': {'blocking_type': 'dns'}, 'blocking_country': 0.0, 'blocking_general': 1.0, 'blocking_global': 0.0, 'blocking_isp': 0.0, 'blocking_local': 0.0}",web_connectivity
True,False,False,https://www.abortoinfosegura.com/,2024-11-26T02:44:34Z,20241126024438.468707_SV_webconnectivity_42a035d701857fa5,https://api.ooni.io/api/v1/raw_measurement?measurement_uid=20241126024438.468707_SV_webconnectivity_42a035d701857fa5,AS14754,SV,20241126T024335Z_webconnectivity_SV_14754_n1_Un5levSH6VwdwBiW,"{'analysis': {'blocking_type': 'dns'}, 'blocking_country': 0.0, 'blocking_general': 1.0, 'blocking_global': 0.0, 'blocking_isp': 0.0, 'blocking_local': 0.0}",web_connectivity
True,False,False,https://vesselthefilm.com/,2024-11-26T02:43:55Z,20241126024357.256654_SV_webconnectivity_56ff8e9de3dcc1c7,https://api.ooni.io/api/v1/raw_measurement?measurement_uid=20241126024357.256654_SV_webconnectivity_56ff8e9de3dcc1c7,AS14754,SV,20241126T024335Z_webconnectivity_SV_14754_n1_Un5levSH6VwdwBiW,"{'analysis': {'blocking_type': 'dns'}, 'blocking_country': 0.0, 'blocking_general': 1.0, 'blocking_global': 0.0, 'blocking_isp': 0.0, 'blocking_local': 0.0}",web_connectivity
True,False,False,http://thenationalcampaign.org/,2024-11-26T02:43:46Z,20241126024348.654508_SV_webconnectivity_3b54237103cb772a,https://api.ooni.io/api/v1/raw_measurement?measurement_uid=20241126024348.654508_SV_webconnectivity_3b54237103cb772a,AS14754,SV,20241126T024335Z_webconnectivity_SV_14754_n1_Un5levSH6VwdwBiW,"{'analysis': {'blocking_type': 'dns'}, 'blocking_country': 0.0, 'blocking_general': 1.0, 'blocking_global': 0.0, 'blocking_isp': 0.0, 'blocking_local': 0.0}",web_connectivity
True,False,False,https://www.abortionno.org/,2024-11-25T02:21:40Z,20241125022141.647303_SV_webconnectivity_7e1f169ab9f43c9a,https://api.ooni.io/api/v1/raw_measurement?measurement_uid=20241125022141.647303_SV_webconnectivity_7e1f169ab9f43c9a,AS14754,SV,20241125T021603Z_webconnectivity_SV_14754_n1_ZWXKhjm82dIEZqLo,"{'analysis': {'blocking_type': 'dns'}, 'blocking_country': 0.0, 'blocking_general': 1.0, 'blocking_global': 0.0, 'blocking_isp': 0.0, 'blocking_local': 0.0}",web_connectivity
True,False,False,http://www.scarleteen.com/,2024-11-24T01:23:56Z,20241124012408.118479_SV_webconnectivity_30458e5bf5365d83,https://api.ooni.io/api/v1/raw_measurement?measurement_uid=20241124012408.118479_SV_webconnectivity_30458e5bf5365d83,AS14754,SV,20241124T012055Z_webconnectivity_SV_14754_n1_sLfFuelPsjWsSBa9,"{'analysis': {'blocking_type': 'dns'}, 'blocking_country': 0.0, 'blocking_general': 1.0, 'blocking_global': 0.0, 'blocking_isp': 0.0, 'blocking_local': 0.0}",web_connectivity
True,False,False,http://www.itsyoursexlife.com/,2024-11-23T10:26:47Z,20241123102718.225567_SV_webconnectivity_4140e1d521a313d9,https://api.ooni.io/api/v1/raw_measurement?measurement_uid=20241123102718.225567_SV_webconnectivity_4140e1d521a313d9,AS14754,SV,20241123T102240Z_webconnectivity_SV_14754_n1_GQY9Pzep3fqCuBLy,"{'analysis': {'blocking_type': 'dns'}, 'blocking_country': 0.0, 'blocking_general': 1.0, 'blocking_global': 0.0, 'blocking_isp': 0.0, 'blocking_local': 0.0}",web_connectivity
True,False,False,http://www.siecus.org/,2024-11-22T04:07:47Z,20241122040753.861428_SV_webconnectivity_ae24cff4b2f7e5c0,https://api.ooni.io/api/v1/raw_measurement?measurement_uid=20241122040753.861428_SV_webconnectivity_ae24cff4b2f7e5c0,AS14754,SV,20241122T040343Z_webconnectivity_SV_14754_n1_oORdykSjJVqB1Sbi,"{'analysis': {'blocking_type': 'dns'}, 'blocking_country': 0.0, 'blocking_general': 1.0, 'blocking_global': 0.0, 'blocking_isp': 0.0, 'blocking_local': 0.0}",web_connectivity
True,False,False,http://www.sexandu.ca/,2024-11-22T04:07:14Z,20241122040722.223365_SV_webconnectivity_5d4f4465c3fe5602,https://api.ooni.io/api/v1/raw_measurement?measurement_uid=20241122040722.223365_SV_webconnectivity_5d4f4465c3fe5602,AS14754,SV,20241122T040343Z_webconnectivity_SV_14754_n1_oORdykSjJVqB1Sbi,"{'analysis': {'blocking_type': 'dns'}, 'blocking_country': 0.0, 'blocking_general': 1.0, 'blocking_global': 0.0, 'blocking_isp': 0.0, 'blocking_local': 0.0}",web_connectivity
True,False,False,https://www.premaritalsex.info/,2024-11-22T03:22:17Z,20241122032218.762647_SV_webconnectivity_3b13cf5d57cc8988,https://api.ooni.io/api/v1/raw_measurement?measurement_uid=20241122032218.762647_SV_webconnectivity_3b13cf5d57cc8988,AS27773,SV,20241122T031536Z_webconnectivity_SV_27773_n1_4GiSx1Lms3w6Kw7Y,"{'analysis': {'blocking_type': 'dns'}, 'blocking_country': 0.0, 'blocking_general': 1.0, 'blocking_global': 0.0, 'blocking_isp': 0.0, 'blocking_local': 0.0}",web_connectivity
True,False,False,https://www.1800respect.org.au/languages/,2024-11-22T03:01:38Z,20241122030204.762836_SV_webconnectivity_a62672d1c9407085,https://api.ooni.io/api/v1/raw_measurement?measurement_uid=20241122030204.762836_SV_webconnectivity_a62672d1c9407085,AS14754,SV,20241122T030013Z_webconnectivity_SV_14754_n1_Vv1XnqsJoX6t2l49,"{'analysis': {'blocking_type': 'dns'}, 'blocking_country': 0.0, 'blocking_general': 1.0, 'blocking_global': 0.0, 'blocking_isp': 0.0, 'blocking_local': 0.0}",web_connectivity
True,False,False,https://www.advocatesforyouth.org/,2024-11-21T00:39:41Z,20241121003953.774409_SV_webconnectivity_c3beeed42b8c3c84,https://api.ooni.io/api/v1/raw_measurement?measurement_uid=20241121003953.774409_SV_webconnectivity_c3beeed42b8c3c84,AS14754,SV,20241121T003413Z_webconnectivity_SV_14754_n1_yIb6jajxFLh07ZyW,"{'analysis': {'blocking_type': 'dns'}, 'blocking_country': 0.0, 'blocking_general': 1.0, 'blocking_global': 0.0, 'blocking_isp': 0.0, 'blocking_local': 0.0}",web_connectivity
True,False,False,https://abortionnetwork.amsterdam/,2024-11-21T00:13:59Z,20241121001401.427950_SV_webconnectivity_b2f3ea037a10e541,https://api.ooni.io/api/v1/raw_measurement?measurement_uid=20241121001401.427950_SV_webconnectivity_b2f3ea037a10e541,AS14754,SV,20241121T000800Z_webconnectivity_SV_14754_n1_DdsxIRWkH7V9gE1X,"{'analysis': {'blocking_type': 'dns'}, 'blocking_country': 0.0, 'blocking_general': 1.0, 'blocking_global': 0.0, 'blocking_isp': 0.0, 'blocking_local': 0.0}",web_connectivity
True,False,False,https://srhrforall.org/,2024-11-20T03:15:43Z,20241120031549.685322_SV_webconnectivity_d660a16f9c99ffec,https://api.ooni.io/api/v1/raw_measurement?measurement_uid=20241120031549.685322_SV_webconnectivity_d660a16f9c99ffec,AS14754,SV,20241120T031007Z_webconnectivity_SV_14754_n1_dvon13qUmrapDGsY,"{'analysis': {'blocking_type': 'dns'}, 'blocking_country': 0.0, 'blocking_general': 1.0, 'blocking_global': 0.0, 'blocking_isp': 0.0, 'blocking_local': 0.0}",web_connectivity
True,False,False,https://sexetc.org/,2024-11-20T03:15:07Z,20241120031514.030354_SV_webconnectivity_59baa370b9951bc4,https://api.ooni.io/api/v1/raw_measurement?measurement_uid=20241120031514.030354_SV_webconnectivity_59baa370b9951bc4,AS14754,SV,20241120T031007Z_webconnectivity_SV_14754_n1_dvon13qUmrapDGsY,"{'analysis': {'blocking_type': 'dns'}, 'blocking_country': 0.0, 'blocking_general': 1.0, 'blocking_global': 0.0, 'blocking_isp': 0.0, 'blocking_local': 0.0}",web_connectivity
True,False,False,http://www.teensource.org/,2024-11-18T16:34:48Z,20241118163459.752874_SV_webconnectivity_641a91a4954589a6,https://api.ooni.io/api/v1/raw_measurement?measurement_uid=20241118163459.752874_SV_webconnectivity_641a91a4954589a6,AS14754,SV,20241118T162946Z_webconnectivity_SV_14754_n1_BLrlwLHzlFatHZR9,"{'analysis': {'blocking_type': 'dns'}, 'blocking_country': 0.0, 'blocking_general': 1.0, 'blocking_global': 0.0, 'blocking_isp': 0.0, 'blocking_local': 0.0}",web_connectivity
True,False,False,https://aidaccess.org/,2024-11-18T08:36:14Z,20241118083620.265566_SV_webconnectivity_8c18c9e943ae3d21,https://api.ooni.io/api/v1/raw_measurement?measurement_uid=20241118083620.265566_SV_webconnectivity_8c18c9e943ae3d21,AS14754,SV,20241118T082418Z_webconnectivity_SV_14754_n1_J909NDO0luxr781k,"{'analysis': {'blocking_type': 'dns'}, 'blocking_country': 0.0, 'blocking_general': 1.0, 'blocking_global': 0.0, 'blocking_isp': 0.0, 'blocking_local': 0.0}",web_connectivity
True,False,False,https://prolife.com/,2024-11-18T04:25:58Z,20241118042600.340993_SV_webconnectivity_a3f0703c0286958f,https://api.ooni.io/api/v1/raw_measurement?measurement_uid=20241118042600.340993_SV_webconnectivity_a3f0703c0286958f,AS14754,SV,20241118T042436Z_webconnectivity_SV_14754_n1_mmHoY06CRTlqoNWe,"{'analysis': {'blocking_type': 'dns'}, 'blocking_country': 0.0, 'blocking_general': 1.0, 'blocking_global': 0.0, 'blocking_isp': 0.0, 'blocking_local': 0.0}",web_connectivity
True,False,False,https://www.sfsi.org/,2024-11-18T00:32:56Z,20241118003359.318043_SV_webconnectivity_becec1f6a52fbc0f,https://api.ooni.io/api/v1/raw_measurement?measurement_uid=20241118003359.318043_SV_webconnectivity_becec1f6a52fbc0f,AS14754,SV,20241118T002959Z_webconnectivity_SV_14754_n1_8YxPX7kXJC4y77QP,"{'analysis': {'blocking_type': 'dns'}, 'blocking_country': 0.0, 'blocking_general': 1.0, 'blocking_global': 0.0, 'blocking_isp': 0.0, 'blocking_local': 0.0}",web_connectivity
True,False,False,https://www.birthcontrol.com/,2024-11-15T03:51:43Z,20241115035247.968991_SV_webconnectivity_1e289f2e116acede,https://api.ooni.io/api/v1/raw_measurement?measurement_uid=20241115035247.968991_SV_webconnectivity_1e289f2e116acede,AS14754,SV,20241115T035223Z_webconnectivity_SV_14754_n1_CLP3PLq6n9ZMBw5H,"{'analysis': {'blocking_type': 'dns'}, 'blocking_country': 0.0, 'blocking_general': 1.0, 'blocking_global': 0.0, 'blocking_isp': 0.0, 'blocking_local': 0.0}",web_connectivity
anomaly,confirmed,failure,input,measurement_start_time,measurement_uid,measurement_url,probe_asn,probe_cc,report_id,scores,test_name
True,False,False,http://www.teensource.org/,2024-12-03T06:03:18Z,20241203060319.778573_SV_webconnectivity_d4b53667a9e81a99,https://api.ooni.io/api/v1/raw_measurement?measurement_uid=20241203060319.778573_SV_webconnectivity_d4b53667a9e81a99,AS14754,SV,20241203T055647Z_webconnectivity_SV_14754_n1_4o1S94IGNSZWOqFR,"{'analysis': {'blocking_type': 'dns'}, 'blocking_country': 0.0, 'blocking_general': 1.0, 'blocking_global': 0.0, 'blocking_isp': 0.0, 'blocking_local': 0.0}",web_connectivity
