ID,URL,Resolución
2,http://www.10bet.com,"Resolución Nº 0187/2018, 19 de marzo de 2018"
3,https://10bet.com,"Resolución Nº 0187/2018, 19 de marzo de 2018"
4,https://888vipcasinoclub.com,"Resolución Nº 0187/2018, 19 de marzo de 2018"
5,https://bet365.com,"Resolución Nº 0187/2018, 19 de marzo de 2018"
6,https://es.888casino.com,"Resolución Nº 0187/2018, 19 de marzo de 2018"
7,https://es.888poker.com,"Resolución Nº 0187/2018, 19 de marzo de 2018"
8,https://marathonbet.com,"Resolución Nº 0187/2018, 19 de marzo de 2018"
10,https://sports.bwin.com,"Resolución Nº 0187/2018, 19 de marzo de 2018"
11,https://www.888.com,"Resolución Nº 0187/2018, 19 de marzo de 2018"
12,https://www.888.es,"Resolución Nº 0187/2018, 19 de marzo de 2018"
13,https://www.888casino.es,"Resolución Nº 0187/2018, 19 de marzo de 2018"
14,https://www.888games.com,"Resolución Nº 0187/2018, 19 de marzo de 2018"
15,https://www.888ladies.com,"Resolución Nº 0187/2018, 19 de marzo de 2018"
16,https://www.888sports.com,"Resolución Nº 0187/2018, 19 de marzo de 2018"
17,https://www.betcris.com,"Resolución Nº 0187/2018, 19 de marzo de 2018"
18,https://www.muchovegas.com,"Resolución Nº 0187/2018, 19 de marzo de 2018"
19,www.pokerstars.com,"Resolución Nº 0187/2018, 19 de marzo de 2018"
20,https://www.pokerstars.net,"Resolución Nº 0187/2018, 19 de marzo de 2018"
21,www.betapuesta.com,"Resolución Nº 0187/2018, 19 de marzo de 2018"
22,www.mongoosecasino.com,"Resolución Nº 0254/2018, 2 de mayo de 2018"
23,www.slotsmillion.com,"Resolución Nº 0254/2018, 2 de mayo de 2018"
24,www.ragingbullcampaign.com,"Resolución Nº 0254/2018, 2 de mayo de 2018"
26,www.gdaycasino.com,"Resolución Nº 0254/2018, 2 de mayo de 2018"
27,www.guts.com,"Resolución Nº 0254/2018, 2 de mayo de 2018"
28,www.betmotion.com,"Resolución Nº 0254/2018, 2 de mayo de 2018"
29,www.sportingbet.com,"Resolución Nº 0254/2018, 2 de mayo de 2018"
30,www.betastars.com,"Resolución Nº 0254/2018, 2 de mayo de 2018"
31,www.casino777.es,"Resolución Nº 0254/2018, 2 de mayo de 2018"
32,www.williamhillcasino.com,"Resolución Nº 0254/2018, 2 de mayo de 2018"
37,www.betplatino.com,"Resolución Nº 0254/2018, 2 de mayo de 2018"
38,www.planetwin365.com,"Resolución Nº 0254/2018, 2 de mayo de 2018"
39,www.betstars.com,"Resolución Nº 0254/2018, 2 de mayo de 2018"
40,www.pokerstarscasino.com,"Resolución Nº 0254/2018, 2 de mayo de 2018"
41,www.32red.com,"Resolución Nº 0497/2018, 27 de julio de 2018"
42,www.apuesta24.com,"Resolución Nº 0497/2018, 27 de julio de 2018"
43,www.askgamblers.com,"Resolución Nº 0497/2018, 27 de julio de 2018"
45,www.redbet.com,"Resolución Nº 0497/2018, 27 de julio de 2018"
46,www.colbet.co,"Resolución Nº 0497/2018, 27 de julio de 2018"
47,www.jackpotcitycasino.com,"Resolución Nº 0497/2018, 27 de julio de 2018"
48,www.premierpokerclub.com,"Resolución Nº 0497/2018, 27 de julio de 2018"
52,www.zamba.co,"Resolución Nº 0497/2018, 27 de julio de 2018"
53,www.thelotter.com,"Resolución Nº 0497/2018, 27 de julio de 2018"
54,www.thelotter.uy,"Resolución Nº 0497/2018, 27 de julio de 2018"
56,www.paston.es,"Resolución Nº 0497/2018, 27 de julio de 2018"
58,www.ijuego.es,"Resolución Nº 0497/2018, 27 de julio de 2018"
60,www.betway.es,"Resolución Nº 0497/2018, 27 de julio de 2018"
62,www.cleopatracasino.com,"Resolución Nº 0497/2018, 27 de julio de 2018"
63,www.juegos-casino.org,"Resolución Nº 0497/2018, 27 de julio de 2018"
65,www.machancecasino.com,"Resolución Nº 0584/2018, 11 de setiembre de 2018"
66,www.casinoestrella100.com,"Resolución Nº 0584/2018, 11 de setiembre de 2018"
67,www.casinomidas.com,"Resolución Nº 0584/2018, 11 de setiembre de 2018"
68,www.casinoking.com,"Resolución Nº 0584/2018, 11 de setiembre de 2018"
69,www.estorilsolcasinos.pt,"Resolución Nº 0584/2018, 11 de setiembre de 2018"
71,www.rubyfortune.com,"Resolución Nº 0584/2018, 11 de setiembre de 2018"
72,www.mansioncasino.com,"Resolución Nº 0584/2018, 11 de setiembre de 2018"
74,www.gamingclub.com,"Resolución Nº 0584/2018, 11 de setiembre de 2018"
76,www.mrgreen.com,"Resolución Nº 0584/2018, 11 de setiembre de 2018"
77,www.cashmio.com,"Resolución Nº 0584/2018, 11 de setiembre de 2018"
79,www.rivalo.com,"Resolución Nº 0584/2018, 11 de setiembre de 2018"
80,www.titancasino.com,"Resolución Nº 0584/2018, 11 de setiembre de 2018"
81,www.casinotropez.com,"Resolución Nº 0584/2018, 11 de setiembre de 2018"
82,www.casinoepoca.com,"Resolución Nº 0584/2018, 11 de setiembre de 2018"
83,www.redkings.com,"Resolución Nº 0584/2018, 11 de setiembre de 2018"
85,www.elcasinointernet.com,"Resolución Nº 0584/2018, 11 de setiembre de 2018"
86,www.luckynuggetcasino.com,"Resolución Nº 0584/2018, 11 de setiembre de 2018"
88,www.betchain.com,"Resolución Nº 0584/2018, 11 de setiembre de 2018"
89,www.slotsmagic.com,"Resolución Nº 0584/2018, 11 de setiembre de 2018"
91,www.exbeteu.com,"Resolución Nº 0584/2018, 11 de setiembre de 2018"
92,www.pinnacle.com,"Resolución Nº 0584/2018, 11 de setiembre de 2018"
94,www.magiccitycasino.com,"Resolución Nº 0584/2018, 11 de setiembre de 2018"
95,www.miamidice.com,"Resolución Nº 0584/2018, 11 de setiembre de 2018"
98,www.sharplotto.com,"Resolución Nº 0755/2018, 22 de octubre de 2018"
99,www.dunder.com,"Resolución Nº 0755/2018, 22 de octubre de 2018"
100,www.casumo.com,"Resolución Nº 0755/2018, 22 de octubre de 2018"
101,www.casimba.com,"Resolución Nº 0755/2018, 22 de octubre de 2018"
102,www.genesiscasino.com,"Resolución Nº 0755/2018, 22 de octubre de 2018"
104,www.dreamvegas.com,"Resolución Nº 0755/2018, 22 de octubre de 2018"
105,www.playfrank.com,"Resolución Nº 0755/2018, 22 de octubre de 2018"
108,www.spinrider.com,"Resolución Nº 0755/2018, 22 de octubre de 2018"
109,www.playojo.com,"Resolución Nº 0755/2018, 22 de octubre de 2018"
111,www.sloty.com,"Resolución Nº 0755/2018, 22 de octubre de 2018"
112,www.casinopop.com,"Resolución Nº 0755/2018, 22 de octubre de 2018"
113,www.videoslots.com,"Resolución Nº 0755/2018, 22 de octubre de 2018"
114,www.shadowbetcasino.com,"Resolución Nº 0755/2018, 22 de octubre de 2018"
115,www.casinoland.com,"Resolución Nº 0755/2018, 22 de octubre de 2018"
116,www.betsafe.com,"Resolución Nº 0755/2018, 22 de octubre de 2018"
117,www.joreels.com,"Resolución Nº 0755/2018, 22 de octubre de 2018"
118,www.spinit.com,"Resolución Nº 0755/2018, 22 de octubre de 2018"
119,www.ikibu.com,"Resolución Nº 0755/2018, 22 de octubre de 2018"
120,www.royalpanda.com,"Resolución Nº 0755/2018, 22 de octubre de 2018"
121,www.slotocash.im,"Resolución Nº 0755/2018, 22 de octubre de 2018"
123,www.bwin.es,"Resolución Nº 0755/2018, 22 de octubre de 2018"
124,www.freespinscasino.com,"Resolución Nº 0755/2018, 22 de octubre de 2018"
126,www.bgo.com,"Resolución Nº 0755/2018, 22 de octubre de 2018"
128,www.betchan.com,"Resolución Nº 0755/2018, 22 de octubre de 2018"
129,www.allslotscasino.com,"Resolución Nº 0755/2018, 22 de octubre de 2018"
130,www.redstagcasino.eu,"Resolución Nº 0755/2018, 22 de octubre de 2018"
131,www.nobonuscasino.com,"Resolución Nº 0755/2018, 22 de octubre de 2018"
132,www.casinotopsonline.com,"Resolución Nº 0755/2018, 22 de octubre de 2018"
133,www.drakecasino.eu,"Resolución Nº 0755/2018, 22 de octubre de 2018"
134,www.instacasino.com,"Resolución Nº 0755/2018, 22 de octubre de 2018"
135,www.spartanslots.com,"Resolución Nº 0755/2018, 22 de octubre de 2018"
136,www.allirishcasino.com,"Resolución Nº 0755/2018, 22 de octubre de 2018"
137,www.allbritishcasino.com,"Resolución Nº 0755/2018, 22 de octubre de 2018"
138,www.box24casino.com,"Resolución Nº 0755/2018, 22 de octubre de 2018"
139,www.vegashero.com,"Resolución Nº 0769/2018, 23 de noviembre de 2018"
141,www.eucasino.com,"Resolución Nº 0769/2018, 23 de noviembre de 2018"
142,www.luckyniki.com,"Resolución Nº 0769/2018, 23 de noviembre de 2018"
143,www.drueckglueck.com,"Resolución Nº 0769/2018, 23 de noviembre de 2018"
144,www.gentingcasino.com,"Resolución Nº 0769/2018, 23 de noviembre de 2018"
145,www.dragonaraonline.com,"Resolución Nº 0769/2018, 23 de noviembre de 2018"
147,www.roxypalace.com,"Resolución Nº 0769/2018, 23 de noviembre de 2018"
148,www.betsson.com,"Resolución Nº 0769/2018, 23 de noviembre de 2018"
149,www.casinoluck.com,"Resolución Nº 0769/2018, 23 de noviembre de 2018"
150,www.casinoroom.com,"Resolución Nº 0769/2018, 23 de noviembre de 2018"
153,www.betway.lat,"Resolución Nº 0769/2018, 23 de noviembre de 2018"
154,www.jetbull.com,"Resolución Nº 0769/2018, 23 de noviembre de 2018"
155,www.europalace.com,"Resolución Nº 0769/2018, 23 de noviembre de 2018"
156,www.nextcasino.com,"Resolución Nº 0769/2018, 23 de noviembre de 2018"
157,www.yakocasino.com,"Resolución Nº 0769/2018, 23 de noviembre de 2018"
158,www.eurogrand.com,"Resolución Nº 0769/2018, 23 de noviembre de 2018"
162,www.krooncasino.com,"Resolución Nº 0769/2018, 23 de noviembre de 2018"
166,www.winner.com,"Resolución Nº 0769/2018, 23 de noviembre de 2018"
168,www.cherrycasino.com,"Resolución Nº 0769/2018, 23 de noviembre de 2018"
169,www.betrally.com,"Resolución Nº 0769/2018, 23 de noviembre de 2018"
171,www.vegasparadise.com,"Resolución Nº 0769/2018, 23 de noviembre de 2018"
172,www.slotscapital.lv,"Resolución Nº 0769/2018, 23 de noviembre de 2018"
173,www.desertnightscasino.com,"Resolución Nº 0769/2018, 23 de noviembre de 2018"
174,www.casinoaction.com,"Resolución Nº 0769/2018, 23 de noviembre de 2018"
175,www.europacasino.com,"Resolución Nº 0769/2018, 23 de noviembre de 2018"
176,www.gowild.com,"Resolución Nº 0769/2018, 23 de noviembre de 2018"
178,www.omnicasino.com,"Resolución Nº 0769/2018, 23 de noviembre de 2018"
181,www.winner.co.uk,"Resolución Nº 50/2019, 24 de enero de 2019"
182,www.merkurmagic.es,"Resolución Nº 50/2019, 24 de enero de 2019"
183,www.marcaapuestas.es,"Resolución Nº 50/2019, 24 de enero de 2019"
184,www.casinogranmadridonline.es,"Resolución Nº 50/2019, 24 de enero de 2019"
186,www.wanabet.es,"Resolución Nº 50/2019, 24 de enero de 2019"
187,www.casinoeuro.com,"Resolución Nº 50/2019, 24 de enero de 2019"
188,www.mrwin.com,"Resolución Nº 50/2019, 24 de enero de 2019"
190,www.royalvegascasino.com,"Resolución Nº 50/2019, 24 de enero de 2019"
191,www.bovada.lv,"Resolución Nº 50/2019, 24 de enero de 2019"
192,www.jokerbet.es,"Resolución Nº 50/2019, 24 de enero de 2019"
193,www.luckia.es,"Resolución Nº 50/2019, 24 de enero de 2019"
194,www.botemania.es,"Resolución Nº 50/2019, 24 de enero de 2019"
195,www.caliente.mx,"Resolución Nº 50/2019, 24 de enero de 2019"
196,www.casino.com,"Resolución Nº 50/2019, 24 de enero de 2019"
197,www.gametwist.com,"Resolución Nº 50/2019, 24 de enero de 2019"
198,www.cardschat.com,"Resolución Nº 50/2019, 24 de enero de 2019"
200,www.slotpark.com,"Resolución Nº 50/2019, 24 de enero de 2019"
201,www.caesarscasino.com,"Resolución Nº 50/2019, 24 de enero de 2019"
202,www.bestingame.it,"Resolución Nº 50/2019, 24 de enero de 2019"
204,www.wcasino-online.com,"Resolución Nº 50/2019, 24 de enero de 2019"
205,www.casino777.be,"Resolución Nº 50/2019, 24 de enero de 2019"
206,www.enracha.es,"Resolución Nº 50/2019, 24 de enero de 2019"
208,www.casinoportugal.pt,"Resolución Nº 50/2019, 24 de enero de 2019"
210,www.bigfishgames.com,"Resolución Nº 50/2019, 24 de enero de 2019"
211,www.tangierscasino.com,"Resolución Nº 50/2019, 24 de enero de 2019"
212,www.jackpotcity.org,"Resolución Nº 50/2019, 24 de enero de 2019"
213,www.bet.pt,"Resolución Nº 50/2019, 24 de enero de 2019"
214,www.onlinebigbola.mx,"Resolución Nº 50/2019, 24 de enero de 2019"
215,www.totosi.it,"Resolución Nº 50/2019, 24 de enero de 2019"
216,www.casinoenchile.com,"Resolución Nº 50/2019, 24 de enero de 2019"
217,www.aspers.com,"Resolución Nº 50/2019, 24 de enero de 2019"
219,www.uniquecasino.com,"Resolución Nº 80/2019, 14 de marzo de 2019"
220,www.casino-estrellas.com,"Resolución Nº 80/2019, 14 de marzo de 2019"
225,www.elcasinocaribe.com,"Resolución Nº 80/2019, 14 de marzo de 2019"
226,www.47millones.com,"Resolución Nº 80/2019, 14 de marzo de 2019"
227,www.bodog.com,"Resolución Nº 80/2019, 14 de marzo de 2019"
228,www.juegaenlinea.com,"Resolución Nº 80/2019, 14 de marzo de 2019"
231,www.mummysgold.com,"Resolución Nº 80/2019, 14 de marzo de 2019"
232,www.vbet.com,"Resolución Nº 80/2019, 14 de marzo de 2019"
235,www.bronzecasino.com,"Resolución Nº 80/2019, 14 de marzo de 2019"
236,www.ts-casinoclub.com,"Resolución Nº 80/2019, 14 de marzo de 2019"
237,www.circus.es,"Resolución Nº 80/2019, 14 de marzo de 2019"
241,www.vivelasuerte.es,"Resolución Nº 80/2019, 14 de marzo de 2019"
245,www.nossaaposta.pt,"Resolución Nº 80/2019, 14 de marzo de 2019"
246,www.pokerstars.pt,"Resolución Nº 80/2019, 14 de marzo de 2019"
247,www.lucky-31.com,"Resolución Nº 80/2019, 14 de marzo de 2019"
248,www.playzee.com,"Resolución Nº 80/2019, 14 de marzo de 2019"
249,www.dafabet.com,"Resolución Nº 80/2019, 14 de marzo de 2019"
251,www.webet779.com,"Resolución Nº 80/2019, 14 de marzo de 2019"
252,www.wang368.net,"Resolución Nº 80/2019, 14 de marzo de 2019"
253,www.12betng.com,"Resolución Nº 80/2019, 14 de marzo de 2019"
254,www.sportium.es,"Resolución Nº 80/2019, 14 de marzo de 2019"
255,www.oceanonlinecasino.com,"Resolución Nº 80/2019, 14 de marzo de 2019"
256,www.casinogranmadrid.es,"Resolución Nº 80/2019, 14 de marzo de 2019"
257,www.lottomatica.it,"Resolución Nº 80/2019, 14 de marzo de 2019"
261,www.spinupcasino.com,"Resolución Nº 211/2019, 16 de mayo de 2019"
263,www.williamhill.com,"Resolución Nº 211/2019, 16 de mayo de 2019"
264,www.suertia.es,"Resolución Nº 211/2019, 16 de mayo de 2019"
265,www.inkabet.pe,"Resolución Nº 211/2019, 16 de mayo de 2019"
266,www.fruitycasa.com,"Resolución Nº 211/2019, 16 de mayo de 2019"
267,www.verajohn.com,"Resolución Nº 211/2019, 16 de mayo de 2019"
268,www.sportimba.com,"Resolución Nº 211/2019, 16 de mayo de 2019"
269,www.shadowbet.com,"Resolución Nº 211/2019, 16 de mayo de 2019"
271,www.playbonds.com,"Resolución Nº 211/2019, 16 de mayo de 2019"
273,www.betboro.com,"Resolución Nº 211/2019, 16 de mayo de 2019"
275,www.codere.es,"Resolución Nº 211/2019, 16 de mayo de 2019"
276,www.paradisecasino.com,"Resolución Nº 211/2019, 16 de mayo de 2019"
277,www.strendus.com.mx,"Resolución Nº 211/2019, 16 de mayo de 2019"
280,www.jubilee.com.mx,"Resolución Nº 211/2019, 16 de mayo de 2019"
282,www.lsbet709.com,"Resolución Nº 211/2019, 16 de mayo de 2019"
283,www.spinpalacesports.com,"Resolución Nº 211/2019, 16 de mayo de 2019"
284,www.llamagaming.com,"Resolución Nº 211/2019, 16 de mayo de 2019"
286,www.lafiestacasino.com,"Resolución Nº 211/2019, 16 de mayo de 2019"
287,www.majesticslotsclub.com,"Resolución Nº 211/2019, 16 de mayo de 2019"
288,www.starvegas.es,"Resolución Nº 211/2019, 16 de mayo de 2019"
290,www.splitacecasino.net,"Resolución Nº 211/2019, 16 de mayo de 2019"
291,www.magicred.com,"Resolución Nº 211/2019, 16 de mayo de 2019"
292,www.casinoestrellavip.com,"Resolución Nº 211/2019, 16 de mayo de 2019"
294,www.lapalingo.com,"Resolución Nº 211/2019, 16 de mayo de 2019"
295,www.gunsbet.com,"Resolución Nº 211/2019, 16 de mayo de 2019"
297,www.legolas.bet,"Resolución Nº 211/2019, 16 de mayo de 2019"
298,www.eurokingclub.com,"Resolución Nº 211/2019, 16 de mayo de 2019"
299,www.pwr.bet,"Resolución Nº 211/2019, 16 de mayo de 2019"
300,www.playamo.com,"Resolución Nº 211/2019, 16 de mayo de 2019"
301,www.sunvegascasino.com,"Resolución Nº 211/2019, 16 de mayo de 2019"
302,www.winwardcasino.ag,"Resolución Nº 211/2019, 16 de mayo de 2019"
303,www.rockbet.com,"Resolución Nº 211/2019, 16 de mayo de 2019"
304,www.vegasred.com,"Resolución Nº 211/2019, 16 de mayo de 2019"
305,www.maria.com,"Resolución Nº 211/2019, 16 de mayo de 2019"
306,www.21nova.es,"Resolución Nº 211/2019, 16 de mayo de 2019"
307,www.unibet.com,"Resolución Nº 211/2019, 16 de mayo de 2019"
310,www.tombola.es,"Resolución Nº 211/2019, 16 de mayo de 2019"
312,www.costabingo.com,"Resolución Nº 211/2019, 16 de mayo de 2019"
313,www.foxybingo.com,"Resolución Nº 211/2019, 16 de mayo de 2019"
314,www.tastybingo.com,"Resolución Nº 211/2019, 16 de mayo de 2019"
317,www.mirrorbingo.com,"Resolución Nº 211/2019, 16 de mayo de 2019"
318,www.charitybingo.com,"Resolución Nº 211/2019, 16 de mayo de 2019"
319,www.goldenpark.es,"Resolución Nº 211/2019, 16 de mayo de 2019"
320,www.moonbingo.com,"Resolución Nº 211/2019, 16 de mayo de 2019"
321,www.carltonbingo.com,"Resolución Nº 211/2019, 16 de mayo de 2019"
322,www.yesbingo.co.uk,"Resolución Nº 211/2019, 16 de mayo de 2019"
325,www.vegasslotcasino.es,"Resolución Nº 211/2019, 16 de mayo de 2019"
326,www.moneygaming.com,"Resolución Nº 211/2019, 16 de mayo de 2019"
327,www.138sungame.com,"Resolución Nº 211/2019, 16 de mayo de 2019"
328,www.gowildcasino.com,"Resolución Nº 211/2019, 16 de mayo de 2019"
329,www.redflushcasino.eu,"Resolución Nº 211/2019, 16 de mayo de 2019"
330,www.luxurycasino.com,"Resolución Nº 211/2019, 16 de mayo de 2019"
331,www.richreels.com,"Resolución Nº 211/2019, 16 de mayo de 2019"
332,www.bet-at.eu,"Resolución Nº 211/2019, 16 de mayo de 2019"
333,www.goldencherry.com,"Resolución Nº 211/2019, 16 de mayo de 2019"
334,www.highnooncasino.com,"Resolución Nº 211/2019, 16 de mayo de 2019"
335,www.aladdinsgoldcasino.com,"Resolución Nº 211/2019, 16 de mayo de 2019"
336,www.casinolavida.com,"Resolución Nº 211/2019, 16 de mayo de 2019"
337,www.titanpoker.com,"Resolución Nº 211/2019, 16 de mayo de 2019"
338,www.williamhill.es,"Resolución Nº 211/2019, 16 de mayo de 2019"
339,www.intercasino.com,"Resolución Nº 211/2019, 16 de mayo de 2019"
341,www.grandmondial.eu,"Resolución Nº 211/2019, 16 de mayo de 2019"
342,www.ukcasino-club.co.uk,"Resolución Nº 211/2019, 16 de mayo de 2019"
343,www.blackjackballroom.es,"Resolución Nº 211/2019, 16 de mayo de 2019"
344,www.desertnightscasino.im,"Resolución Nº 211/2019, 16 de mayo de 2019"
345,www.scasino.com,"Resolución Nº 211/2019, 16 de mayo de 2019"
346,www.yukongoldcasino.eu,"Resolución Nº 211/2019, 16 de mayo de 2019"
347,www.zodiaccasino.com,"Resolución Nº 211/2019, 16 de mayo de 2019"
348,www.boylesports.com,"Resolución Nº 211/2019, 16 de mayo de 2019"
351,www.challengecasino.com,"Resolución Nº 211/2019, 16 de mayo de 2019"
352,www.clubworldcasinos.com,"Resolución Nº 211/2019, 16 de mayo de 2019"
353,www.manhattanslots.com,"Resolución Nº 211/2019, 16 de mayo de 2019"
354,www.phoeniciancasino.eu,"Resolución Nº 211/2019, 16 de mayo de 2019"
355,www.riverbellecasino.com,"Resolución Nº 211/2019, 16 de mayo de 2019"
356,www.thisisvegas.com,"Resolución Nº 211/2019, 16 de mayo de 2019"
357,www.7sultanscasino.com,"Resolución Nº 211/2019, 16 de mayo de 2019"
358,www.casinolasvegas.com,"Resolución Nº 211/2019, 16 de mayo de 2019"
359,www.dashcasino.com,"Resolución Nº 211/2019, 16 de mayo de 2019"
360,www.grosvenorcasinos.com,"Resolución Nº 211/2019, 16 de mayo de 2019"
362,www.jackpotcity.com,"Resolución Nº 211/2019, 16 de mayo de 2019"
363,www.davincisgold.com,"Resolución Nº 211/2019, 16 de mayo de 2019"
364,www.grandhotelcasino.com,"Resolución Nº 211/2019, 16 de mayo de 2019"
365,www.intertops.eu,"Resolución Nº 211/2019, 16 de mayo de 2019"
367,www.vegasdays.com,"Resolución Nº 211/2019, 16 de mayo de 2019"
368,www.24ktgoldcasino.com,"Resolución Nº 211/2019, 16 de mayo de 2019"
369,www.flamingoclub.com,"Resolución Nº 211/2019, 16 de mayo de 2019"
370,www.losjuegosdeazar.es,"Resolución Nº 211/2019, 16 de mayo de 2019"
371,www.scasino.com,"Resolución Nº 211/2019, 16 de mayo de 2019"
372,www.vegasred.com,"Resolución Nº 211/2019, 16 de mayo de 2019"
373,www.casinobellini.com,"Resolución Nº 211/2019, 16 de mayo de 2019"
374,www.vernons.com,"Resolución Nº 211/2019, 16 de mayo de 2019"
375,www.casinodelrio.com,"Resolución Nº 211/2019, 16 de mayo de 2019"
376,www.grandonline.com,"Resolución Nº 211/2019, 16 de mayo de 2019"
377,www.onlinecasinocentral.com,"Resolución Nº 211/2019, 16 de mayo de 2019"
380,www.partygammon.com,"Resolución Nº 211/2019, 16 de mayo de 2019"
382,www.premierpoker.es,"Resolución Nº 211/2019, 16 de mayo de 2019"
383,www.thepokerpractice.com,"Resolución Nº 211/2019, 16 de mayo de 2019"
386,www.yobingo.es,"Resolución Nº 211/2019, 16 de mayo de 2019"
387,www.bingo-rumba.com,"Resolución Nº 211/2019, 16 de mayo de 2019"
388,www.lotoplay.com,"Resolución Nº 211/2019, 16 de mayo de 2019"
389,www.binguez.com,"Resolución Nº 211/2019, 16 de mayo de 2019"
390,www.dreambingo.co.uk,"Resolución Nº 211/2019, 16 de mayo de 2019"
391,www.fabulousbingo.co.uk,"Resolución Nº 211/2019, 16 de mayo de 2019"
392,www.dailyrecordbingo.com,"Resolución Nº 211/2019, 16 de mayo de 2019"
393,www.luckylivecasino.com,"Resolución Nº 211/2019, 16 de mayo de 2019"
394,www.123bingoonline.com,"Resolución Nº 211/2019, 16 de mayo de 2019"
395,www.buckybingo.co.uk,"Resolución Nº 211/2019, 16 de mayo de 2019"
396,www.caesarsbingo.com,"Resolución Nº 211/2019, 16 de mayo de 2019"
397,www.betfred.com,"Resolución Nº 211/2019, 16 de mayo de 2019"
398,www.club777.com,"Resolución Nº 211/2019, 16 de mayo de 2019"
399,www.casinoencolombia.com,"Resolución Nº 211/2019, 16 de mayo de 2019"
400,www.llanobet.com,"Resolución Nº 211/2019, 16 de mayo de 2019"
401,www.winbet.club,"Resolución Nº 211/2019, 16 de mayo de 2019"
402,www.casinocolombia.com.co,"Resolución Nº 211/2019, 16 de mayo de 2019"
403,www.betmotion.com.co,"Resolución Nº 211/2019, 16 de mayo de 2019"
405,www.spinpalace.com,"Resolución Nº 211/2019, 16 de mayo de 2019"
406,www.188bet.com,"Resolución Nº 211/2019, 16 de mayo de 2019"
407,www.vegasslotcasino.es,"Resolución Nº 211/2019, 16 de mayo de 2019"
409,www.alljackpotscasino.com,"Resolución Nº 211/2019, 16 de mayo de 2019"
410,www.bodog.eu,"Resolución Nº 211/2019, 16 de mayo de 2019"
411,www.play2wincasino.com,"Resolución Nº 211/2019, 16 de mayo de 2019"
412,www.villento.com,"Resolución Nº 211/2019, 16 de mayo de 2019"
413,www.gamingzion.com,"Resolución Nº 211/2019, 16 de mayo de 2019"
414,www.inetbet.com,"Resolución Nº 211/2019, 16 de mayo de 2019"
417,www.wildjackcasino.com,"Resolución Nº 211/2019, 16 de mayo de 2019"
418,www.betcasinograndbay.com,"Resolución Nº 211/2019, 16 de mayo de 2019"
419,www.winpalace.im,"Resolución Nº 211/2019, 16 de mayo de 2019"
420,www.buzzluck.com,"Resolución Nº 211/2019, 16 de mayo de 2019"
421,www.goldentigercasino.com,"Resolución Nº 211/2019, 16 de mayo de 2019"
422,www.rivernilecasino.net,"Resolución Nº 211/2019, 16 de mayo de 2019"
423,www.canbet.com,"Resolución Nº 211/2019, 16 de mayo de 2019"
424,www.luckyredcasino.com,"Resolución Nº 211/2019, 16 de mayo de 2019"
425,www.777dragoncasino.com,"Resolución Nº 211/2019, 16 de mayo de 2019"
426,www.maplecasino.ca,"Resolución Nº 211/2019, 16 de mayo de 2019"
427,www.vegaspalmscasino.com,"Resolución Nº 211/2019, 16 de mayo de 2019"
428,www.virgingames.com,"Resolución Nº 211/2019, 16 de mayo de 2019"
429,www.crowneeurope.com.com,"Resolución Nº 211/2019, 16 de mayo de 2019"
430,www.superiorcasino.com,"Resolución Nº 211/2019, 16 de mayo de 2019"
431,www.citytowerscasino.com,"Resolución Nº 211/2019, 16 de mayo de 2019"
432,www.grosvenorcasino.com,"Resolución Nº 211/2019, 16 de mayo de 2019"
433,www.magicboxcasino.com,"Resolución Nº 211/2019, 16 de mayo de 2019"
434,www.Isports.eu,"Resolución Nº 211/2019, 16 de mayo de 2019"
436,www.llanosportbet.co,"Resolución Nº 211/2019, 16 de mayo de 2019"
438,www.winplay.co,"Resolución Nº 211/2019, 16 de mayo de 2019"
439,www.iapuestas.com,"Resolución Nº 211/2019, 16 de mayo de 2019"
441,www.apuesteenlinea.com,"Resolución Nº 211/2019, 16 de mayo de 2019"
444,www.playbet.com.co,"Resolución Nº 211/2019, 16 de mayo de 2019"
445,www.foxfoxbet.com,"Resolución Nº 211/2019, 16 de mayo de 2019"
446,www.prontobet.club,"Resolución Nº 211/2019, 16 de mayo de 2019"
1411,www.betspil.dk,"Resolución Nº 611/2020, 17 de diciembre de 2020"
1412,www.casinogranmadrid.com,"Resolución Nº 611/2020, 17 de diciembre de 2020"
1414,www.betlive.com/ka,"Resolución Nº 611/2020, 17 de diciembre de 2020"
1416,www.nairabet.com,"Resolución Nº 611/2020, 17 de diciembre de 2020"
1418,www.intralot.com.pe/,"Resolución Nº 611/2020, 17 de diciembre de 2020"
1431,www.retabet.es,"Resolución Nº 328/2021, 03 de agosto de 2021."
1432,www.betika.com,"Resolución Nº 328/2021, 03 de agosto de 2021."
1433,www.crystalbet.com,"Resolución Nº 328/2021, 03 de agosto de 2021."
1434,www.bingo.com,"Resolución Nº 328/2021, 03 de agosto de 2021."
1435,www.aconcaguapoker.es,"Resolución Nº 328/2021, 03 de agosto de 2021."
1436,www.yocasino.es,"Resolución Nº 328/2021, 03 de agosto de 2021."
1437,www.genesiscasino.es,"Resolución Nº 328/2021, 03 de agosto de 2021."
1438,www.bet777.es,"Resolución Nº 328/2021, 03 de agosto de 2021."
1439,www.efbet.es,"Resolución Nº 328/2021, 03 de agosto de 2021."
1440,www.partycasino.es,"Resolución Nº 328/2021, 03 de agosto de 2021."
1442,www.v9bet.plus,"Resolución Nº 328/2021, 03 de agosto de 2021."
1443,www.v9bet.bet,"Resolución Nº 328/2021, 03 de agosto de 2021."
1444,www.konradfun.com,"Resolución Nº 328/2021, 03 de agosto de 2021."
1445,www.urubet.net,"Resolución Nº 328/2021, 03 de agosto de 2021."
1459,www.wtfskins.com,"Resolución Nº 0525/2021, 27 de setiembre de 2021."
1477,www.solbet.pe,"Resolución Nº 0525/2021, 27 de setiembre de 2021."
1478,www.fanteam.com,"Resolución Nº 0525/2021, 27 de setiembre de 2021."
1479,www.mrplay.com,"Resolución Nº 0525/2021, 27 de setiembre de 2021."
1481,www.spreadex.com,"Resolución Nº 0525/2021, 27 de setiembre de 2021."
1484,www.mansionbet.com,"Resolución Nº 0525/2021, 27 de setiembre de 2021."
1492,www.codere.bet.ar,"Resolución Nº 0525/2021, 27 de setiembre de 2021."
1494,www.slotjava.es,"Resolución Nº 0525/2021, 27 de setiembre de 2021."
1495,www.casoo.com,"Resolución Nº 0525/2021, 27 de setiembre de 2021."
1571,www.betsson.uy,"Resolución Nº 0525/2021, 27 de setiembre de 2021."
1572,www.tsars.com,"Resolución Nº 0525/2021, 27 de setiembre de 2021."
1573,www.winuniquecasino-act.com,"Resolución Nº 0525/2021, 27 de setiembre de 2021."
1574,www.casoo888.com,"Resolución Nº 0525/2021, 27 de setiembre de 2021."
1575,www.olimpbet.kz,"Resolución Nº 0525/2021, 27 de setiembre de 2021."
1577,www.turbovegas.com,"Resolución Nº 0525/2021, 27 de setiembre de 2021."
1578,www.20bet.com,"Resolución Nº 0525/2021, 27 de setiembre de 2021."
1579,www.playuzu.com,"Resolución Nº 0525/2021, 27 de setiembre de 2021."
1580,www.bcgame.top,"Resolución Nº 0525/2021, 27 de setiembre de 2021."
1581,www.casinocomparador.com,"Resolución Nº 0525/2021, 27 de setiembre de 2021."
1582,www.bet593.ec,"Resolución Nº 0525/2021, 27 de setiembre de 2021."
1583,www.rustbet.com,"Resolución Nº 0525/2021, 27 de setiembre de 2021."
1584,www.sportbet.ec,"Resolución Nº 0525/2021, 27 de setiembre de 2021."
1585,www.6686vn3.com,"Resolución Nº 0525/2021, 27 de setiembre de 2021."
1586,www.bwin.com,"Resolución Nº 0525/2021, 27 de setiembre de 2021."
1587,www.oddspedia.com,"Resolución Nº 0525/2021, 27 de setiembre de 2021."
1588,www.stake.com,"Resolución Nº 0525/2021, 27 de setiembre de 2021."
1589,www.versus.es,"Resolución Nº 0525/2021, 27 de setiembre de 2021."
1590,www.mozzartbet.com,"Resolución Nº 0525/2021, 27 de setiembre de 2021."
1591,www.freeslots99.com,"Resolución Nº 0525/2021, 27 de setiembre de 2021."
1592,www.juegaenlinea.com,"Resolución Nº 0525/2021, 27 de setiembre de 2021."
1593,www.juegaenlinea.net,"Resolución Nº 0525/2021, 27 de setiembre de 2021."
1594,www.slotsdelsolonline.com,"Resolución Nº 0525/2021, 27 de setiembre de 2021."
1595,www.ecuabet.com,"Resolución Nº 0525/2021, 27 de setiembre de 2021."
1596,www.m.esportesdasorte.com,"Resolución Nº 0525/2021, 27 de setiembre de 2021."
1597,www.edsbet.com,"Resolución Nº 0525/2021, 27 de setiembre de 2021."
1598,www.esportesdasorte.net,"Resolución Nº 0525/2021, 27 de setiembre de 2021."
1599,www.betsafe.com,"Resolución Nº 0525/2021, 27 de setiembre de 2021."
1600,www.m.caba.codere.bet.ar,"Resolución Nº 0525/2021, 27 de setiembre de 2021."
1601,www.sellatuparley.com,"Resolución Nº 0525/2021, 27 de setiembre de 2021."
1602,www.vaidebet.com,"Resolución Nº 0525/2021, 27 de setiembre de 2021."
1603,www.mr.bet,"Resolución Nº 0525/2021, 27 de setiembre de 2021."
1604,www.citycenteronline.bet.ar,"Resolución Nº 0525/2021, 27 de setiembre de 2021."
1605,www.placard.pt,"Resolución Nº 0525/2021, 27 de setiembre de 2021."
1606,www.supermatch-uruguay.com,"Resolución Nº 0525/2021, 27 de setiembre de 2021."
1607,www.estorilsolcasinos.pt,"Resolución Nº 0525/2021, 27 de setiembre de 2021."
1608,www.solverde.pt,"Resolución Nº 0525/2021, 27 de setiembre de 2021."
1609,www.1xlite.com,"Resolución Nº 0525/2021, 27 de setiembre de 2021."
1610,www.pin-up.casino,"Resolución Nº 0525/2021, 27 de setiembre de 2021."
1611,www.8xbet2.com,"Resolución Nº 0525/2021, 27 de setiembre de 2021."
1612,www.joocasino.com,"Resolución Nº 0525/2021, 27 de setiembre de 2021."
1613,www.fun-88.in,"Resolución Nº 0525/2021, 27 de setiembre de 2021."
1614,www.m.dale.sv,"Resolución Nº 0525/2021, 27 de setiembre de 2021."
1615,www.dale.sv,"Resolución Nº 0525/2021, 27 de setiembre de 2021."
1616,www.betesporte.com,"Resolución Nº 0525/2021, 27 de setiembre de 2021."
1617,www.20bet.com,"Resolución Nº 0525/2021, 27 de setiembre de 2021."
1618,www.bet3218.net,"Resolución Nº 0525/2021, 27 de setiembre de 2021."
1619,www.bet32.co,"Resolución Nº 0525/2021, 27 de setiembre de 2021."
1620,www.dadosbet.com,"Resolución Nº 0525/2021, 27 de setiembre de 2021."
